[{"fields": {"model": "logentry", "name": "log entry", "app_label": "admin"}, "model": "contenttypes.contenttype", "pk": 1}, {"fields": {"model": "permission", "name": "permission", "app_label": "auth"}, "model": "contenttypes.contenttype", "pk": 2}, {"fields": {"model": "group", "name": "group", "app_label": "auth"}, "model": "contenttypes.contenttype", "pk": 3}, {"fields": {"model": "user", "name": "user", "app_label": "auth"}, "model": "contenttypes.contenttype", "pk": 4}, {"fields": {"model": "contenttype", "name": "content type", "app_label": "contenttypes"}, "model": "contenttypes.contenttype", "pk": 5}, {"fields": {"model": "session", "name": "session", "app_label": "sessions"}, "model": "contenttypes.contenttype", "pk": 6}, {"fields": {"model": "ceiling", "name": "ceiling", "app_label": "ceilings"}, "model": "contenttypes.contenttype", "pk": 7}, {"fields": {"model": "detalnoeopisanie", "name": "detalnoe opisanie", "app_label": "ceilings"}, "model": "contenttypes.contenttype", "pk": 8}, {"fields": {"model": "gallery", "name": "gallery", "app_label": "gallery"}, "model": "contenttypes.contenttype", "pk": 9}, {"fields": {"model": "picture", "name": "picture", "app_label": "gallery"}, "model": "contenttypes.contenttype", "pk": 10}, {"fields": {"model": "home", "name": "home", "app_label": "home"}, "model": "contenttypes.contenttype", "pk": 11}, {"fields": {"model": "slider", "name": "slider", "app_label": "home"}, "model": "contenttypes.contenttype", "pk": 12}, {"fields": {"model": "feedback", "name": "feedback", "app_label": "home"}, "model": "contenttypes.contenttype", "pk": 13}, {"fields": {"model": "pricetable", "name": "price table", "app_label": "prices"}, "model": "contenttypes.contenttype", "pk": 17}, {"fields": {"model": "secondpricetable", "name": "second price table", "app_label": "prices"}, "model": "contenttypes.contenttype", "pk": 18}, {"fields": {"model": "calculator", "name": "calculator", "app_label": "calculator"}, "model": "contenttypes.contenttype", "pk": 19}, {"fields": {"expire_date": "2016-02-09T11:23:12.578Z", "session_data": "ZDg1NzMzOTM1ZGI2MDc0YTQxMWY2NWVkY2IzYWQxOTYxNzgxZGRhODp7Il9hdXRoX3VzZXJfaGFzaCI6Ijk0OGJlMzNmYzExZGY5ZjBjZGJjN2Y2OWYyNDA1YzU3MDM5M2I2YzIiLCJfYXV0aF91c2VyX2JhY2tlbmQiOiJkamFuZ28uY29udHJpYi5hdXRoLmJhY2tlbmRzLk1vZGVsQmFja2VuZCIsIl9hdXRoX3VzZXJfaWQiOjF9"}, "model": "sessions.session", "pk": "623vc8kkgs5tzdwl0loyvkts10ftyipt"}, {"fields": {"expire_date": "2016-01-26T09:01:30.684Z", "session_data": "ZDg1NzMzOTM1ZGI2MDc0YTQxMWY2NWVkY2IzYWQxOTYxNzgxZGRhODp7Il9hdXRoX3VzZXJfaGFzaCI6Ijk0OGJlMzNmYzExZGY5ZjBjZGJjN2Y2OWYyNDA1YzU3MDM5M2I2YzIiLCJfYXV0aF91c2VyX2JhY2tlbmQiOiJkamFuZ28uY29udHJpYi5hdXRoLmJhY2tlbmRzLk1vZGVsQmFja2VuZCIsIl9hdXRoX3VzZXJfaWQiOjF9"}, "model": "sessions.session", "pk": "lf0jcq9lvpcxo75xp6zdw5fljdbzkhi9"}, {"fields": {"name": "\u0427\u0410\u0421\u0422\u041e \u0417\u0410\u0414\u0410\u0412\u0410\u0415\u041c\u042b\u0415 \u0412\u041e\u041f\u0420\u041e\u0421\u042b", "title": "\u0427\u0410\u0421\u0422\u041e \u0417\u0410\u0414\u0410\u0412\u0410\u0415\u041c\u042b\u0415 \u0412\u041e\u041f\u0420\u041e\u0421\u042b"}, "model": "ceilings.ceiling", "pk": 1}, {"fields": {"name": "\u041f\u0420\u0415\u0418\u041c\u0423\u0429\u0415\u0421\u0422\u0412\u0410 \u041d\u0410\u0422\u042f\u0416\u041d\u042b\u0425 \u041f\u041e\u0422\u041e\u041b\u041a\u041e\u0412", "title": "\u041f\u0420\u0415\u0418\u041c\u0423\u0429\u0415\u0421\u0422\u0412\u0410 \u041d\u0410\u0422\u042f\u0416\u041d\u042b\u0425 \u041f\u041e\u0422\u041e\u041b\u041a\u041e\u0412"}, "model": "ceilings.ceiling", "pk": 2}, {"fields": {"name": "\u0423\u0421\u0422\u0410\u041d\u041e\u0412\u041a\u0410 \u041d\u0410\u0422\u042f\u0416\u041d\u042b\u0425 \u041f\u041e\u0422\u041e\u041b\u041a\u041e\u0412", "title": "\u0423\u0421\u0422\u0410\u041d\u041e\u0412\u041a\u0410 \u041d\u0410\u0422\u042f\u0416\u041d\u042b\u0425 \u041f\u041e\u0422\u041e\u041b\u041a\u041e\u0412"}, "model": "ceilings.ceiling", "pk": 3}, {"fields": {"name": "\u0426\u0412\u0415\u0422\u041e\u0412\u0410\u042f \u0413\u0410\u041c\u041c\u0410", "title": "\u0426\u0412\u0415\u0422\u041e\u0412\u0410\u042f \u0413\u0410\u041c\u041c\u0410"}, "model": "ceilings.ceiling", "pk": 4}, {"fields": {"name": "\u0417\u0412\u0415\u0417\u0414\u041d\u041e\u0415 \u041d\u0415\u0411\u041e", "title": "\u0417\u0412\u0415\u0417\u0414\u041d\u041e\u0415 \u041d\u0415\u0411\u041e"}, "model": "ceilings.ceiling", "pk": 5}, {"fields": {"name": "\u0424\u041e\u0422\u041e\u041f\u0415\u0427\u0410\u0422\u042c", "title": "\u0424\u041e\u0422\u041e\u041f\u0415\u0427\u0410\u0422\u042c"}, "model": "ceilings.ceiling", "pk": 6}, {"fields": {"name": "\u0420\u0415\u041c\u041e\u041d\u0422 \u041f\u041e\u0422\u041e\u041b\u041a\u041e\u0412", "title": "\u0420\u0415\u041c\u041e\u041d\u0422 \u041d\u0410\u0422\u042f\u0416\u041d\u042b\u0425 \u041f\u041e\u0422\u041e\u041b\u041a\u041e\u0412"}, "model": "ceilings.ceiling", "pk": 7}, {"fields": {"name": "\u0421\u041b\u0418\u0412 \u0412\u041e\u0414\u042b", "title": "\u0421\u041b\u0418\u0412 \u0412\u041e\u0414\u042b"}, "model": "ceilings.ceiling", "pk": 8}, {"fields": {"short_description": "\u0413\u0434\u0435 \u043c\u043e\u0436\u043d\u043e \u0443\u0441\u0442\u0430\u043d\u043e\u0432\u0438\u0442\u044c \u043d\u0430\u0442\u044f\u0436\u043d\u043e\u0439 \u043f\u043e\u0442\u043e\u043b\u043e\u043a?", "image": "", "ceiling": 1, "name": "\u0427\u0410\u0421\u0422\u041e \u0417\u0410\u0414\u0410\u0412\u0410\u0415\u041c\u042b\u0415 \u0412\u041e\u041f\u0420\u041e\u0421\u042b \u041e \u041d\u0410\u0422\u042f\u0416\u041d\u042b\u0425 \u041f\u041e\u0422\u041e\u041b\u041a\u0410\u0425", "description": "\u0412 \u043b\u044e\u0431\u043e\u043c \u043e\u0442\u0430\u043f\u043b\u0438\u0432\u0430\u0435\u043c\u043e\u043c \u0436\u0438\u043b\u043e\u043c \u0438\u043b\u0438 \u043e\u0431\u0449\u0435\u0441\u0442\u0432\u0435\u043d\u043d\u043e\u043c \u043f\u043e\u043c\u0435\u0449\u0435\u043d\u0438\u0438. \u042d\u0442\u043e \u043c\u043e\u0436\u0435\u0442 \u0431\u044b\u0442\u044c \u0433\u043e\u0441\u0442\u0438\u043d\u0430\u044f, \u0441\u043f\u0430\u043b\u044c\u043d\u044f, \u043a\u0443\u0445\u043d\u044f, \u0432\u0430\u043d\u043d\u0430\u044f \u0438\u043b\u0438 \u0434\u0430\u0436\u0435 \u0431\u0430\u0441\u0441\u0435\u0439\u043d. \u041f\u043e\u043b\u043e\u0442\u043d\u043e \u043f\u043e\u043b\u043d\u043e\u0441\u0442\u044c\u044e \u044d\u043a\u043e\u043b\u043e\u0433\u0438\u0447\u0435\u0441\u043a\u0438 \u0431\u0435\u0437\u043e\u043f\u0430\u0441\u043d\u043e \u0438 \u043c\u043e\u0436\u0435\u0442 \u0431\u044b\u0442\u044c \u0443\u0441\u0442\u0430\u043d\u043e\u0432\u043b\u0435\u043d\u043e \u0434\u0430\u0436\u0435 \u0432 \u0434\u0435\u0442\u0441\u043a\u043e\u0439."}, "model": "ceilings.detalnoeopisanie", "pk": 1}, {"fields": {"short_description": "\u0418\u0437 \u0447\u0435\u0433\u043e \u0438\u0437\u0433\u043e\u0442\u0430\u0432\u043b\u0438\u0432\u0430\u0435\u0442\u0441\u044f \u043f\u043e\u043b\u043e\u0442\u043d\u043e \u0434\u043b\u044f \u043d\u0430\u0442\u044f\u0436\u043d\u043e\u0433\u043e \u043f\u043e\u0442\u043e\u043b\u043a\u0430?", "image": "", "ceiling": 1, "name": "", "description": "\u041f\u043e\u043b\u043e\u0442\u043d\u043e \u0438\u0437\u0433\u043e\u0442\u0430\u0432\u043b\u0438\u0432\u0430\u0435\u0442\u0441\u044f \u0438\u0437 \u043f\u043e\u043b\u0438\u0432\u0438\u043d\u0438\u043b\u0445\u043b\u043e\u0440\u0438\u0434\u043d\u043e\u0439 (\u041f\u0412\u0425) \u043f\u043b\u0435\u043d\u043a\u0438, \u043e\u043d\u0430 \u043c\u043e\u0436\u0435\u0442 \u0431\u044b\u0442\u044c \u043a\u0430\u043a \u0444\u0440\u0430\u043d\u0446\u0443\u0437\u0441\u043a\u043e\u0433\u043e, \u0442\u0430\u043a \u0438 \u0431\u0435\u043b\u044c\u0433\u0438\u0439\u0441\u043a\u043e\u0433\u043e, \u043d\u0435\u043c\u0435\u0446\u043a\u043e\u0433\u043e \u043f\u0440\u043e\u0438\u0437\u0432\u043e\u0434\u0441\u0442\u0432\u0430. \u041f\u0412\u0425 \u043f\u043b\u0435\u043d\u043a\u0430 \u043c\u043e\u0436\u0435\u0442 \u0438\u043c\u0435\u0442\u044c \u0440\u0430\u0437\u043d\u044b\u0439 \u0446\u0432\u0435\u0442 \u0438 \u0444\u0430\u043a\u0442\u0443\u0440\u0443.\r\n"}, "model": "ceilings.detalnoeopisanie", "pk": 2}, {"fields": {"short_description": "\u041e\u0442 \u0447\u0435\u0433\u043e \u0437\u0430\u0432\u0438\u0441\u0438\u0442 \u0446\u0435\u043d\u0430 \u043d\u0430\u0442\u044f\u0436\u043d\u043e\u0433\u043e \u043f\u043e\u0442\u043e\u043b\u043a\u0430?", "image": "", "ceiling": 1, "name": "", "description": "\u0421\u0442\u043e\u0438\u043c\u043e\u0441\u0442\u044c \u043d\u0430\u0442\u044f\u0436\u043d\u043e\u0433\u043e \u043f\u043e\u0442\u043e\u043b\u043a\u0430 \u0437\u0430\u0432\u0438\u0441\u0438\u0442 \u043e\u0442 \u0432\u044b\u0431\u0440\u0430\u043d\u043d\u043e\u0439 \u043a\u043e\u043c\u043f\u043b\u0435\u043a\u0442\u0430\u0446\u0438\u0438, \u043f\u043b\u043e\u0449\u0430\u0434\u0438 \u043f\u043e\u043c\u0435\u0449\u0435\u043d\u0438\u044f \u0438 \u0441\u043b\u043e\u0436\u043d\u043e\u0441\u0442\u0438 \u0437\u0430\u043a\u0430\u0437\u0430. \u0421\u0442\u043e\u0438\u043c\u043e\u0441\u0442\u044c \u043d\u0430\u0442\u044f\u0436\u043d\u043e\u0433\u043e \u043f\u043e\u0442\u043e\u043b\u043a\u0430 \u043c\u043e\u0436\u043d\u043e \u043f\u0440\u043e\u0441\u0447\u0438\u0442\u0430\u0442\u044c \u0432 \u043d\u0430\u0448\u0435\u043c \u043a\u0430\u043b\u044c\u043a\u0443\u043b\u044f\u0442\u043e\u0440\u0435. \u0417\u0432\u043e\u043d\u0438\u0442\u0435, 063-831-72-28, \u0434\u043b\u044f \u043f\u043e\u043b\u0443\u0447\u0435\u043d\u0438\u044f \u043f\u043e\u0434\u0440\u043e\u0431\u043d\u044b\u0445 \u043a\u043e\u043d\u0441\u0443\u043b\u044c\u0442\u0430\u0446\u0438\u0439 \u043e\u0431 \u043e\u0441\u043e\u0431\u0435\u043d\u043d\u043e\u0441\u0442\u044f\u0445 \u0434\u0438\u0437\u0430\u0439\u043d\u0430 \u0438 \u0446\u0435\u043d\u0435 \u043d\u0430\u0442\u044f\u0436\u043d\u044b\u0445 \u043f\u043e\u0442\u043e\u043b\u043a\u043e\u0432 \u0432 \u0425\u0430\u0440\u044c\u043a\u043e\u0432\u0435."}, "model": "ceilings.detalnoeopisanie", "pk": 3}, {"fields": {"short_description": "\u0421\u043a\u043e\u043b\u044c\u043a\u043e \u0431\u0443\u0434\u0435\u0442 \u0441\u0442\u043e\u0438\u0442\u044c \u0432\u044b\u0437\u043e\u0432 \u0437\u0430\u043c\u0435\u0440\u0449\u0438\u043a\u0430?", "image": "", "ceiling": 1, "name": "", "description": "\u0414\u043b\u044f \u0436\u0438\u0442\u0435\u043b\u0435\u0439 \u0433\u043e\u0440\u043e\u0434\u0430 \u0425\u0430\u0440\u044c\u043a\u043e\u0432 \u0432\u044b\u0437\u043e\u0432 \u0441\u043f\u0435\u0446\u0438\u0430\u043b\u0438\u0441\u0442\u0430 \u043f\u043e \u0437\u0430\u043c\u0435\u0440\u0430\u043c \u0431\u0435\u0441\u043f\u043b\u0430\u0442\u043d\u044b\u0439, \u043f\u0440\u0438 \u0432\u044b\u0435\u0437\u0434\u0435 \u0437\u0430\u043c\u0435\u0440\u0449\u0438\u043a\u0430 \u0432 \u0425\u0430\u0440\u044c\u043a\u043e\u0432\u0441\u043a\u0443\u044e \u043e\u0431\u043b\u0430\u0441\u0442\u044c \u0434\u043e\u043f\u043e\u043b\u043d\u0438\u0442\u0435\u043b\u044c\u043d\u043e \u043e\u043f\u043b\u0430\u0447\u0438\u0432\u0430\u044e\u0442\u0441\u044f \u0442\u0440\u0430\u043d\u0441\u043f\u043e\u0440\u0442\u043d\u044b\u0435 \u0440\u0430\u0441\u0445\u043e\u0434\u044b."}, "model": "ceilings.detalnoeopisanie", "pk": 4}, {"fields": {"short_description": "\u0412\u043e\u0437\u043c\u043e\u0436\u043d\u0430 \u043b\u0438 \u0443\u0441\u0442\u0430\u043d\u043e\u0432\u043a\u0430 \u0434\u043e\u043f\u043e\u043b\u043d\u0438\u0442\u0435\u043b\u044c\u043d\u044b\u0445 \u0441\u0432\u0435\u0442\u0438\u043b\u044c\u043d\u0438\u043a\u043e\u0432?", "image": "", "ceiling": 1, "name": "", "description": "\u0412 \u043a\u0430\u0447\u0435\u0441\u0442\u0432\u0435 \u0434\u043e\u043f\u043e\u043b\u043d\u0438\u0442\u0435\u043b\u044c\u043d\u044b\u0445 \u044d\u043b\u0435\u043c\u0435\u043d\u0442\u043e\u0432 \u043c\u043e\u0433\u0443\u0442 \u0432\u044b\u0441\u0442\u0443\u043f\u0430\u0442\u044c \u043d\u0435 \u0442\u043e\u043b\u044c\u043a\u043e \u043e\u0441\u0432\u0435\u0442\u0438\u0442\u0435\u043b\u044c\u043d\u044b\u0435 \u043f\u0440\u0438\u0431\u043e\u0440\u044b, \u044d\u0442\u043e \u043c\u043e\u0433\u0443\u0442 \u0431\u044b\u0442\u044c \u0435\u0449\u0435 \u0438 \u0432\u044b\u0442\u044f\u0436\u043a\u0438, \u043f\u043e\u0436\u0430\u0440\u043d\u044b\u0435 \u0441\u0438\u0433\u043d\u0430\u043b\u0438\u0437\u0430\u0446\u0438\u0438. \u0412 \u0441\u0432\u0435\u0442\u0438\u043b\u044c\u043d\u0438\u043a\u0438 \u043c\u043e\u0436\u043d\u043e \u0443\u0441\u0442\u0430\u043d\u0430\u0432\u043b\u0438\u0432\u0430\u0442\u044c \u043b\u044e\u0431\u044b\u0435 \u0442\u0438\u043f\u044b \u043b\u0430\u043c\u043f, \u043d\u043e \u0441\u043f\u0435\u0446\u0438\u0430\u043b\u0438\u0441\u0442\u044b \u0440\u0435\u043a\u043e\u043c\u0435\u043d\u0434\u0443\u044e\u0442 \u0438\u0441\u043f\u043e\u043b\u044c\u0437\u043e\u0432\u0430\u0442\u044c \u044d\u043d\u0435\u0440\u0433\u043e\u0441\u0431\u0435\u0440\u0435\u0433\u0430\u044e\u0449\u0438\u0435 \u043b\u0430\u043c\u043f\u044b, \u0442\u0430\u043a \u043a\u0430\u043a \u043e\u043d\u0438 \u043f\u0440\u0430\u043a\u0442\u0438\u0447\u0435\u0441\u043a\u0438 \u043d\u0435 \u043d\u0430\u0433\u0440\u0435\u0432\u0430\u044e\u0442\u0441\u044f \u043f\u0440\u0438 \u0440\u0430\u0431\u043e\u0442\u0435."}, "model": "ceilings.detalnoeopisanie", "pk": 6}, {"fields": {"short_description": "\u041d\u0443\u0436\u043d\u0430 \u043b\u0438 \u043f\u0440\u0435\u0434\u043e\u043f\u043b\u0430\u0442\u0430 \u043f\u0440\u0438 \u043e\u0444\u043e\u0440\u043c\u043b\u0435\u043d\u0438\u0438 \u0437\u0430\u043a\u0430\u0437\u0430?", "image": "", "ceiling": 1, "name": "", "description": "\u041f\u0440\u0438 \u0437\u0430\u043a\u043b\u044e\u0447\u0435\u043d\u0438\u0438 \u0434\u043e\u0433\u043e\u0432\u043e\u0440\u0430 \u0432\u043d\u043e\u0441\u0438\u0442\u0441\u044f 50% \u043f\u0440\u0435\u0434\u043e\u043f\u043b\u0430\u0442\u044b, \u0430 \u043e\u0441\u0442\u0430\u043b\u044c\u043d\u044b\u0435 50% \u0412\u044b \u043e\u043f\u043b\u0430\u0447\u0438\u0432\u0430\u0435\u0442\u0435 \u0443\u0436\u0435 \u043f\u043e\u0441\u043b\u0435 \u0443\u0441\u0442\u0430\u043d\u043e\u0432\u043a\u0438."}, "model": "ceilings.detalnoeopisanie", "pk": 7}, {"fields": {"short_description": "", "image": "", "ceiling": 1, "name": "", "description": "\u0421\u043a\u043e\u043b\u044c\u043a\u043e \u0434\u043d\u0435\u0439 \u043d\u0443\u0436\u043d\u043e \u0434\u043b\u044f \u0438\u0437\u0433\u043e\u0442\u043e\u0432\u043b\u0435\u043d\u0438\u044f \u043f\u043e\u043b\u043e\u0442\u043d\u0430? \u041a\u0430\u043a \u043c\u043d\u043e\u0433\u043e \u0432\u0440\u0435\u043c\u0435\u043d\u0438 \u0437\u0430\u0439\u043c\u0435\u0442 \u0443\u0441\u0442\u0430\u043d\u043e\u0432\u043a\u0430?"}, "model": "ceilings.detalnoeopisanie", "pk": 8}, {"fields": {"short_description": "", "image": "", "ceiling": 1, "name": "", "description": "\u041d\u0430\u0448\u0430 \u043a\u043e\u043c\u043f\u0430\u043d\u0438\u044f \u0432\u044b\u043f\u043e\u043b\u043d\u044f\u0435\u0442 \u0438\u0437\u0433\u043e\u0442\u043e\u0432\u043b\u0435\u043d\u0438\u0435 \u043f\u043e\u043b\u043e\u0442\u043d\u0430 \u043b\u044e\u0431\u043e\u0439 \u0441\u043b\u043e\u0436\u043d\u043e\u0441\u0442\u0438 \u0437\u0430 2-3 \u0440\u0430\u0431\u043e\u0447\u0438\u0445 \u0434\u043d\u044f. \u0414\u043b\u044f \u0443\u0441\u0442\u0430\u043d\u043e\u0432\u043a\u0438 \u043f\u043e\u043b\u043e\u0442\u043d\u0430 \u043c\u043e\u0436\u0435\u0442 \u043f\u043e\u0442\u0440\u0435\u0431\u043e\u0432\u0430\u0442\u044c\u0441\u044f \u043e\u0442 2 \u0434\u043e 6 \u0447\u0430\u0441\u043e\u0432, \u0432 \u0437\u0430\u0432\u0438\u0441\u0438\u043c\u043e\u0441\u0442\u0438 \u043e\u0442 \u0441\u043b\u043e\u0436\u043d\u043e\u0441\u0442\u0438 \u0432\u044b\u043f\u043e\u043b\u043d\u044f\u0435\u043c\u044b\u0445 \u0440\u0430\u0431\u043e\u0442."}, "model": "ceilings.detalnoeopisanie", "pk": 9}, {"fields": {"short_description": "", "image": "", "ceiling": 2, "name": "\u041f\u0420\u0415\u0418\u041c\u0423\u0429\u0415\u0421\u0422\u0412\u0410 \u041d\u0410\u0422\u042f\u0416\u041d\u042b\u0425 \u041f\u041e\u0422\u041e\u041b\u041a\u041e\u0412", "description": "  \u041a\u043e\u043d\u0441\u0442\u0440\u0443\u043a\u0442\u0438\u0432\u043d\u043e \u043d\u0430\u0442\u044f\u0436\u043d\u043e\u0439 \u043f\u043e\u0442\u043e\u043b\u043e\u043a \u043f\u0440\u0435\u0434\u0441\u0442\u0430\u0432\u043b\u044f\u0435\u0442 \u0441\u043e\u0431\u043e\u0439 \u043f\u043e\u043b\u0438\u0432\u0438\u043d\u0438\u043b\u0445\u043b\u043e\u0440\u0438\u0434\u043d\u043e\u0435 \u043f\u043e\u043b\u043e\u0442\u043d\u043e, \u043d\u0430\u0442\u044f\u043d\u0443\u0442\u043e\u0435 \u043d\u0430 \u043f\u0440\u043e\u0444\u0438\u043b\u044c \u0438\u043b\u0438 \u0431\u0430\u0433\u0435\u0442. \u0427\u0442\u043e\u0431\u044b \u043b\u0443\u0447\u0448\u0435 \u043f\u043e\u043d\u044f\u0442\u044c, \u0447\u0442\u043e \u0436\u0435 \u0442\u0430\u043a\u043e\u0435 \u0444\u0440\u0430\u043d\u0446\u0443\u0437\u0441\u043a\u0438\u0435 \u043d\u0430\u0442\u044f\u0436\u043d\u044b\u0435 \u043f\u043e\u0442\u043e\u043b\u043a\u0438 \u0438 \u0443\u0437\u043d\u0430\u0442\u044c \u043a\u0430\u043a \u0438 \u0433\u0434\u0435 \u0438\u0445 \u043b\u0443\u0447\u0448\u0435 \u0443\u0441\u0442\u0430\u043d\u0430\u0432\u043b\u0438\u0432\u0430\u0442\u044c - \u0440\u0430\u0441\u0441\u043c\u043e\u0442\u0440\u0438\u043c \u0438\u0445 \u043e\u0441\u043d\u043e\u0432\u043d\u044b\u0435 \u043f\u0440\u0435\u0438\u043c\u0443\u0449\u0435\u0441\u0442\u0432\u0430."}, "model": "ceilings.detalnoeopisanie", "pk": 10}, {"fields": {"short_description": " \u0418\u0434\u0435\u0430\u043b\u044c\u043d\u043e \u0433\u043b\u0430\u0434\u043a\u0430\u044f \u043f\u043e\u0432\u0435\u0440\u0445\u043d\u043e\u0441\u0442\u044c. \u0417\u0435\u0440\u043a\u0430\u043b\u044c\u043d\u043e\u0441\u0442\u044c \u0438 \u0434\u043e\u043f\u043e\u043b\u043d\u0438\u0442\u0435\u043b\u044c\u043d\u044b\u0439 \u043e\u0431\u044a\u0435\u043c \u043a\u043e\u043c\u043d\u0430\u0442\u044b", "image": "", "ceiling": 2, "name": "", "description": ""}, "model": "ceilings.detalnoeopisanie", "pk": 11}, {"fields": {"short_description": " \u0412\u043e\u0437\u043c\u043e\u0436\u043d\u043e\u0441\u0442\u044c \u0441\u043e\u0437\u0434\u0430\u043d\u0438\u044f \u0443\u043d\u0438\u043a\u0430\u043b\u044c\u043d\u043e\u0439 \u0441\u0438\u0441\u0442\u0435\u043c\u044b \u043e\u0441\u0432\u0435\u0449\u0435\u043d\u0438\u044f", "image": "", "ceiling": 2, "name": "", "description": ""}, "model": "ceilings.detalnoeopisanie", "pk": 12}, {"fields": {"short_description": " \u041d\u0430\u0442\u044f\u0436\u043d\u043e\u0439 \u043f\u043e\u0442\u043e\u043b\u043e\u043a \u043e\u0431\u043e\u0439\u0434\u0435\u0442\u0441\u044f \u0412\u0430\u043c \u0434\u0435\u0448\u0435\u0432\u043b\u0435, \u0447\u0435\u043c \u0440\u0435\u043a\u043e\u043d\u0441\u0442\u0440\u0443\u043a\u0446\u0438\u044f \u043f\u043e\u0442\u043e\u043b\u043a\u0430 (\u0432\u044b\u0440\u0430\u0432\u043d\u0438\u0432\u0430\u043d\u0438\u0435, \u0448\u0442\u0443\u043a\u0430\u0442\u0443\u0440\u043a\u0430, \u043f\u043e\u0431\u0435\u043b\u043a\u0430 \u0438\u043b\u0438 \u043f\u043e\u043a\u043b\u0435\u0439\u043a\u0430 \u043e\u0431\u043e\u0435\u0432). \u041f\u043e\u043b\u043e\u0442\u043d\u043e \u0441\u043a\u0440\u043e\u0435\u0442 \u0432\u0441\u0435 \u0438\u043c\u0435\u044e\u0449\u0438\u0435\u0441\u044f \u0434\u0435\u0444\u0435\u043a\u0442\u044b \u043f\u0440\u0435\u0434\u044b\u0434\u0443\u0449\u0435\u0439 \u043f\u043e\u0432\u0435\u0440\u0445\u043d\u043e\u0441\u0442\u0438.", "image": "", "ceiling": 2, "name": "", "description": ""}, "model": "ceilings.detalnoeopisanie", "pk": 13}, {"fields": {"short_description": "\u0421\u0438\u0441\u0442\u0435\u043c\u0443 \u0432\u0435\u043d\u0442\u0438\u043b\u044f\u0446\u0438\u0438, \u0432\u0441\u0435 \u0434\u043e\u043f\u043e\u043b\u043d\u0438\u0442\u0435\u043b\u044c\u043d\u044b\u0435 \u043a\u043e\u043c\u043c\u0443\u043d\u0438\u043a\u0430\u0446\u0438\u0438 \u0438 \u0434\u0430\u0442\u0447\u0438\u043a\u0438 \u043f\u043e\u0436\u0430\u0440\u043d\u043e\u0439 \u0431\u0435\u0437\u043e\u043f\u0430\u0441\u043d\u043e\u0441\u0442\u0438 \u043c\u043e\u0436\u043d\u043e \u0441\u043a\u0440\u044b\u0442\u044c \u043f\u043e\u0434 \u043f\u043e\u043a\u0440\u044b\u0442\u0438\u0435\u043c \u043d\u0430\u0442\u044f\u0436\u043d\u043e\u0433\u043e \u043f\u043e\u0442\u043e\u043b\u043a\u0430", "image": "", "ceiling": 2, "name": "", "description": ""}, "model": "ceilings.detalnoeopisanie", "pk": 14}, {"fields": {"short_description": "\u041f\u043e\u043a\u0440\u044b\u0442\u0438\u0435 \u043d\u0435 \u043f\u0440\u0438\u0442\u044f\u0433\u0438\u0432\u0430\u0435\u0442 \u043a \u0441\u0435\u0431\u0435 \u043f\u044b\u043b\u044c \u0438 \u043b\u0435\u0433\u043a\u043e \u043c\u043e\u0435\u0442\u0441\u044f \u0432 \u0441\u043b\u0443\u0447\u0430\u0435 \u0437\u0430\u0433\u0440\u044f\u0437\u043d\u0435\u043d\u0438\u0439", "image": "", "ceiling": 2, "name": "", "description": ""}, "model": "ceilings.detalnoeopisanie", "pk": 15}, {"fields": {"short_description": "\u0414\u043e\u043b\u0433\u043e\u0432\u0435\u0447\u043d\u043e\u0441\u0442\u044c, \u0446\u0432\u0435\u0442 \u043f\u043e\u043a\u0440\u044b\u0442\u0438\u044f \u043d\u0435 \u0432\u044b\u0433\u043e\u0440\u0430\u0435\u0442 \u0438 \u043d\u0435 \u043c\u0435\u043d\u044f\u0435\u0442\u0441\u044f \u0441\u043e \u0432\u0440\u0435\u043c\u0435\u043d\u0435\u043c", "image": "", "ceiling": 2, "name": "", "description": ""}, "model": "ceilings.detalnoeopisanie", "pk": 16}, {"fields": {"short_description": "\u041f\u043e\u043b\u043e\u0442\u043d\u043e \u043d\u0435 \u0432\u043f\u0438\u0442\u044b\u0432\u0430\u0435\u0442 \u0437\u0430\u043f\u0430\u0445\u0438", "image": "", "ceiling": 2, "name": "", "description": ""}, "model": "ceilings.detalnoeopisanie", "pk": 17}, {"fields": {"short_description": "\u0412 \u0441\u043b\u0443\u0447\u0430\u0435 \u0437\u0430\u0442\u043e\u043f\u043b\u0435\u043d\u0438\u044f \u0442\u0430\u043a\u0430\u044f \u043a\u043e\u043d\u0441\u0442\u0440\u0443\u043a\u0446\u0438\u044f \u0441\u043f\u0430\u0441\u0435\u0442 \u0412\u0430\u0448 \u0440\u0435\u043c\u043e\u043d\u0442. \u0412\u043e\u0434\u0443, \u043a\u043e\u0442\u043e\u0440\u0430\u044f \u043d\u0430\u0431\u0435\u0440\u0435\u0442\u0441\u044f \u0432 \u043f\u043e\u043b\u043e\u0442\u043d\u043e, \u043c\u043e\u0436\u043d\u043e \u0431\u0443\u0434\u0435\u0442 \u0441\u043b\u0438\u0442\u044c \u043f\u0440\u0438 \u043f\u043e\u043c\u043e\u0449\u0438 \u0441\u043f\u0435\u0446\u0438\u0430\u043b\u0438\u0441\u0442\u043e\u0432.", "image": "", "ceiling": 2, "name": "", "description": ""}, "model": "ceilings.detalnoeopisanie", "pk": 18}, {"fields": {"short_description": "\u0414\u043e\u043f\u043e\u043b\u043d\u0438\u0442\u0435\u043b\u044c\u043d\u0430\u044f \u0442\u0435\u043f\u043b\u043e- \u0438 \u0437\u0432\u0443\u043a\u043e\u0438\u0437\u043e\u043b\u044f\u0446\u0438\u044f", "image": "", "ceiling": 2, "name": "", "description": ""}, "model": "ceilings.detalnoeopisanie", "pk": 19}, {"fields": {"short_description": "\u041e\u043f\u0435\u0440\u0430\u0442\u0438\u0432\u043d\u0430\u044f \u0443\u0441\u0442\u0430\u043d\u043e\u0432\u043a\u0430. \u041c\u0438\u043d\u0438\u043c\u0443\u043c \u043f\u044b\u043b\u0438 \u0438 \u043e\u0442\u0441\u0443\u0442\u0441\u0442\u0432\u0438\u0435 \u0441\u0442\u0440\u043e\u0438\u0442\u0435\u043b\u044c\u043d\u043e\u0433\u043e \u043c\u0443\u0441\u043e\u0440\u0430 \u043f\u0440\u0438 \u0443\u0441\u0442\u0430\u043d\u043e\u0432\u043a\u0435", "image": "", "ceiling": 2, "name": "", "description": ""}, "model": "ceilings.detalnoeopisanie", "pk": 20}, {"fields": {"short_description": "", "image": "", "ceiling": 3, "name": "\u0423\u0421\u0422\u0410\u041d\u041e\u0412\u041a\u0410 \u041d\u0410\u0422\u042f\u0416\u041d\u042b\u0425 \u041f\u041e\u0422\u041e\u041b\u041a\u041e\u0412", "description": "\u0423\u0441\u0442\u0430\u043d\u043e\u0432\u043a\u0430 \u043d\u0430\u0442\u044f\u0436\u043d\u044b\u0445 \u043f\u043e\u0442\u043e\u043b\u043a\u043e\u0432 \u0432\u043e\u0437\u043c\u043e\u0436\u043d\u0430 \u0432 \u043b\u044e\u0431\u043e\u043c \u043e\u0442\u0430\u043f\u043b\u0438\u0432\u0430\u0435\u043c\u043e\u043c \u043f\u043e\u043c\u0435\u0449\u0435\u043d\u0438\u0438, \u043d\u0435 \u0441\u0443\u0449\u0435\u0441\u0442\u0432\u0443\u0435\u0442 \u043d\u0438\u043a\u0430\u043a\u0438\u0445 \u043e\u0433\u0440\u0430\u043d\u0438\u0447\u0435\u043d\u0438\u0439 \u043f\u043e \u043a\u0432\u0430\u0434\u0440\u0430\u0442\u0443\u0440\u0435 \u043a\u043e\u043c\u043d\u0430\u0442\u044b. \u0412\u0441\u0435 \u044d\u043b\u0435\u043c\u0435\u043d\u0442\u044b \u043a\u043e\u043d\u0441\u0442\u0440\u0443\u043a\u0446\u0438\u0438 \u0438\u0437\u0433\u043e\u0442\u0430\u0432\u043b\u0438\u0432\u0430\u044e\u0442\u0441\u044f \u0438\u0437 \u044d\u043a\u043e\u043b\u043e\u0433\u0438\u0447\u0435\u0441\u043a\u0438 \u0431\u0435\u0437\u043e\u043f\u0430\u0441\u043d\u044b\u0445 \u043c\u0430\u0442\u0435\u0440\u0438\u0430\u043b\u043e\u0432, \u0438\u043c\u0435\u043d\u043d\u043e \u043f\u043e\u044d\u0442\u043e\u043c\u0443 \u0442\u0430\u043a\u0430\u044f \u043a\u043e\u043d\u0441\u0442\u0440\u0443\u043a\u0446\u0438\u044f \u043c\u043e\u0436\u0435\u0442 \u0431\u044b\u0442\u044c \u0443\u0441\u0442\u0430\u043d\u043e\u0432\u043b\u0435\u043d\u0430 \u0432 \u043f\u043e\u043c\u0435\u0449\u0435\u043d\u0438\u0438 \u043b\u044e\u0431\u043e\u0433\u043e \u043d\u0430\u0437\u043d\u0430\u0447\u0435\u043d\u0438\u044f. \u041a\u043e\u043d\u0441\u0442\u0440\u0443\u043a\u0446\u0438\u044f \u043d\u0430\u0442\u044f\u0436\u043d\u044b\u0445 \u043f\u043e\u0442\u043e\u043b\u043a\u043e\u0432 \u043c\u043e\u0436\u0435\u0442 \u0431\u044b\u0442\u044c \u0441\u0442\u0430\u043d\u0434\u0430\u0440\u0442\u043d\u043e\u0439 \u0438\u043b\u0438 \u043c\u043d\u043e\u0433\u043e\u0443\u0440\u043e\u0432\u043d\u0435\u0432\u043e\u0439. \u0415\u0451 \u043e\u0441\u043e\u0431\u0435\u043d\u043d\u043e\u0441\u0442\u0438 \u043d\u0435\u043e\u0431\u0445\u043e\u0434\u0438\u043c\u043e \u0443\u0447\u0438\u0442\u044b\u0432\u0430\u0442\u044c \u043f\u0440\u0438 \u043c\u043e\u043d\u0442\u0430\u0436\u0435 \u0441\u0438\u0441\u0442\u0435\u043c\u044b \u043a\u0440\u0435\u043f\u043b\u0435\u043d\u0438\u044f. \u041f\u0440\u043e\u0446\u0435\u0441\u0441 \u0443\u0441\u0442\u0430\u043d\u043e\u0432\u043a\u0438 \u0434\u043e\u0441\u0442\u0430\u0442\u043e\u0447\u043d\u043e \u0441\u043b\u043e\u0436\u043d\u044b\u0439 \u0438 \u0442\u0440\u0443\u0434\u043e\u0435\u043c\u043a\u0438\u0439."}, "model": "ceilings.detalnoeopisanie", "pk": 21}, {"fields": {"short_description": "", "image": "", "ceiling": 3, "name": "", "description": "\u0421\u043f\u043e\u0441\u043e\u0431\u044b \u043a\u0440\u0435\u043f\u043b\u0435\u043d\u0438\u044f \u043f\u043e\u043b\u043e\u0442\u043d\u0430 \u0434\u0435\u043b\u044f\u0442\u0441\u044f \u043d\u0430 \u0434\u0432\u0430 \u0442\u0440\u0438 \u043e\u0441\u043d\u043e\u0432\u043d\u044b\u0445 \u0432\u0438\u0434\u0430: \u0433\u0430\u0440\u043f\u0443\u043d\u043d\u043e\u0435, \u0438 \u0431\u0430\u0433\u0435\u0442\u043d\u043e\u0435. \u0421\u0430\u043c\u044b\u043c \u043d\u0430\u0434\u0435\u0436\u043d\u044b\u043c \u0438 \u0432\u043e\u0441\u0442\u0440\u0435\u0431\u043e\u0432\u0430\u043d\u043d\u044b\u043c \u0441\u0447\u0438\u0442\u0430\u0435\u0442\u0441\u044f \u0433\u0430\u0440\u043f\u0443\u043d\u043d\u044b\u0439 \u0441\u043f\u043e\u0441\u043e\u0431 \u043a\u0440\u0435\u043f\u043b\u0435\u043d\u0438\u044f. \u0422\u0430\u043a\u043e\u0439 \u043a\u0440\u0435\u043f\u0435\u0436 \u043e\u0431\u043b\u0430\u0434\u0430\u0435\u0442 \u0432\u044b\u0441\u043e\u043a\u0438\u043c\u0438 \u044d\u043a\u0441\u043f\u043b\u0443\u0442\u0430\u0446\u0438\u043e\u043d\u043d\u044b\u043c\u0438 \u0445\u0430\u0440\u0430\u043a\u0442\u0435\u0440\u0438\u0441\u0442\u0438\u043a\u0430\u043c\u0438 \u0438 \u0448\u0438\u0440\u043e\u043a\u0438\u043c \u0441\u043f\u0435\u043a\u0442\u0440\u043e\u043c \u0432\u043e\u0437\u043c\u043e\u0436\u043d\u043e\u0441\u0442\u0435\u0439 \u0438\u0441\u043f\u043e\u043b\u044c\u0437\u043e\u0432\u0430\u043d\u0438\u044f. \u0413\u0430\u0440\u043f\u0443\u043d\u043d\u044b\u0439 \u043a\u0440\u0435\u043f\u0435\u0436 \u043f\u043e\u0434\u043e\u0439\u0434\u0435\u0442 \u0434\u0430\u0436\u0435 \u0434\u043b\u044f \u0443\u0441\u0442\u0430\u043d\u043e\u0432\u043a\u0438 \u043f\u043e\u043b\u043e\u0442\u043d\u0430 \u0432 \u0442\u0440\u0443\u0434\u043d\u043e\u0434\u043e\u0441\u0442\u0443\u043f\u043d\u044b\u0445 \u043c\u0435\u0441\u0442\u0430\u0445. \u0411\u0430\u0433\u0435\u0442\u043d\u044b\u0435 \u0441\u043f\u043e\u0441\u043e\u0431 \u043a\u0440\u0435\u043f\u043b\u0435\u043d\u0438\u044f \u043e\u0442\u043b\u0438\u0447\u0430\u0435\u0442\u0441\u044f \u043e\u0442 \u0433\u0430\u0440\u043f\u0443\u043d\u043d\u043e\u0433\u043e \u0442\u0435\u043c, \u0447\u0442\u043e \u0432\u043c\u0435\u0441\u0442\u043e \u043a\u0440\u0435\u043f\u0435\u0436\u0430 \u0438\u0437 \u043c\u044f\u0433\u043a\u043e\u0433\u043e \u043f\u043b\u0430\u0441\u0442\u0438\u043a\u0430 \u0438\u0441\u043f\u043e\u043b\u044c\u0437\u0443\u044e\u0442\u0441\u044f \u0431\u0430\u0433\u0435\u0442\u044b. \u0411\u0430\u0433\u0435\u0442\u043d\u044b\u0439 \u0441\u043f\u043e\u0441\u043e\u0431 \u0441\u0447\u0438\u0442\u0430\u0435\u0442\u0441\u044f \u0431\u043e\u043b\u0435\u0435 \u0434\u0435\u0448\u0435\u0432\u044b\u043c.\r\n"}, "model": "ceilings.detalnoeopisanie", "pk": 22}, {"fields": {"short_description": "", "image": "", "ceiling": 3, "name": "", "description": "\u0421\u0430\u043c\u043e \u0438\u0437\u0433\u043e\u0442\u043e\u0432\u043b\u0435\u043d\u0438\u0435 \u043f\u043e\u043b\u043e\u0442\u043d\u0430 \u043e\u0431\u044b\u0447\u043d\u043e \u0437\u0430\u043d\u0438\u043c\u0430\u0435\u0442 \u043e\u0442 2 \u0434\u043e 3 \u0440\u0430\u0431\u043e\u0447\u0438\u0445 \u0434\u043d\u0435\u0439. \u0414\u043b\u0438\u0442\u0435\u043b\u044c\u043d\u043e\u0441\u0442\u044c \u043c\u043e\u043d\u0442\u0430\u0436\u0430 \u0437\u0430\u0439\u043c\u0435\u0442 \u0432 \u0441\u0440\u0435\u0434\u043d\u0435\u043c \u043e\u0442 2 \u0434\u043e 6 \u0447\u0430\u0441\u043e\u0432, \u0432\u0441\u0435 \u0437\u0430\u0432\u0438\u0441\u0438\u0442 \u043e\u0442 \u0441\u043b\u043e\u0436\u043d\u043e\u0441\u0442\u0438 \u043a\u0440\u0435\u043f\u043b\u0435\u043d\u0438\u0439, \u043d\u0430\u043b\u0438\u0447\u0438\u044f \u0438 \u043a\u043e\u043b\u0438\u0447\u0435\u0441\u0442\u0432\u0430 \u043e\u0441\u0432\u0435\u0442\u0438\u0442\u0435\u043b\u044c\u043d\u044b\u0445 \u043f\u0440\u0438\u0431\u043e\u0440\u043e\u0432, \u043e\u0431\u044a\u0435\u043c\u043e\u0432 \u0440\u0430\u0431\u043e\u0442."}, "model": "ceilings.detalnoeopisanie", "pk": 23}, {"fields": {"short_description": "\u0412 \u043e\u0431\u0449\u0435\u043c \u0441\u043b\u0443\u0447\u0430\u0435 \u043c\u043e\u043d\u0442\u0430\u0436 \u043d\u0430\u0442\u044f\u0436\u043d\u044b\u0445 \u043f\u043e\u0442\u043e\u043b\u043a\u043e\u0432 \u0441\u043e\u0441\u0442\u043e\u0438\u0442 \u0438\u0437 \u0441\u043b\u0435\u0434\u0443\u044e\u0449\u0438\u0445 \u044d\u0442\u0430\u043f\u043e\u0432:", "image": "", "ceiling": 3, "name": "", "description": ""}, "model": "ceilings.detalnoeopisanie", "pk": 24}, {"fields": {"short_description": "\u0420\u0430\u0437\u043c\u0435\u0442\u043a\u0430.", "image": "", "ceiling": 3, "name": "", "description": "\u0414\u043b\u044f \u0440\u0430\u0437\u043c\u0435\u0442\u043a\u0438 \u0438\u0441\u043f\u043e\u043b\u044c\u0437\u0443\u0435\u0442\u0441\u044f \u0433\u0438\u0434\u0440\u043e\u0443\u0440\u043e\u0432\u0435\u043d\u044c, \u0434\u0430\u043d\u043d\u044b\u0439 \u044d\u0442\u0430\u043f \u043d\u0435\u043e\u0431\u0445\u043e\u0434\u0438\u043c \u0434\u043b\u044f \u043e\u043f\u0440\u0435\u0434\u0435\u043b\u0435\u043d\u0438\u044f \u0432\u044b\u0441\u043e\u0442\u044b \u043a\u0440\u0435\u043f\u043b\u0435\u043d\u0438\u044f \u043f\u0440\u043e\u0444\u0438\u043b\u044f, \u0430 \u0441\u043e\u043e\u0442\u0432\u0435\u0442\u0441\u0442\u0432\u0435\u043d\u043d\u043e \u0438 \u0432\u044b\u0441\u043e\u0442\u044b, \u043d\u0430 \u043a\u043e\u0442\u043e\u0440\u043e\u0439 \u0431\u0443\u0434\u0435\u0442 \u043d\u0430\u0445\u043e\u0434\u0438\u0442\u044c\u0441\u044f \u0432\u0441\u044f \u043a\u043e\u043d\u0441\u0442\u0440\u0443\u043a\u0446\u0438\u044f."}, "model": "ceilings.detalnoeopisanie", "pk": 25}, {"fields": {"short_description": "\u0423\u0441\u0442\u0430\u043d\u043e\u0432\u043a\u0430 \u043f\u0440\u043e\u0444\u0438\u043b\u044f \u0434\u043b\u044f \u043d\u0430\u0442\u044f\u0436\u043d\u044b\u0445 \u043f\u043e\u0442\u043e\u043b\u043a\u043e\u0432.", "image": "", "ceiling": 3, "name": "", "description": "\u041d\u0430 \u0434\u0430\u043d\u043d\u043e\u043c \u044d\u0442\u0430\u043f\u0435 \u043f\u0440\u043e\u0444\u0438\u043b\u044c\u043d\u0443\u044e \u0441\u0438\u0441\u0442\u0435\u043c\u0443 \u043a\u0440\u0435\u043f\u044f\u0442 \u043a \u0431\u0435\u0442\u043e\u043d\u043d\u044b\u043c, \u043a\u0438\u0440\u043f\u0438\u0447\u043d\u044b\u043c \u0441\u0442\u0435\u043d\u0430\u043c \u0438\u043b\u0438 \u0433\u0438\u043f\u0441\u043e\u043a\u0430\u0440\u0442\u043e\u043d\u0443. \u0414\u043b\u044f \u044d\u0442\u043e\u0433\u043e \u0438\u0441\u043f\u043e\u043b\u044c\u0437\u0443\u044e\u0442\u0441\u044f \u0441\u043e\u043e\u0442\u0432\u0435\u0442\u0441\u0442\u0432\u0435\u043d\u043d\u044b\u0435 \u043a\u0440\u0435\u043f\u0435\u0436\u043d\u044b\u0435 \u044d\u043b\u0435\u043c\u0435\u043d\u0442\u044b."}, "model": "ceilings.detalnoeopisanie", "pk": 26}, {"fields": {"short_description": "\u0423\u0441\u0442\u0430\u043d\u043e\u0432\u043a\u0430 \u043a\u0440\u0435\u043f\u043b\u0435\u043d\u0438\u0439 \u0434\u043b\u044f \u043e\u0441\u0432\u0435\u0442\u0438\u0442\u0435\u043b\u044c\u043d\u044b\u0445 \u043f\u0440\u0438\u0431\u043e\u0440\u043e\u0432, \u0432\u0435\u043d\u0442\u0438\u043b\u044f\u0446\u0438\u043e\u043d\u043d\u044b\u0445 \u0440\u0435\u0448\u0435\u0442\u043e\u043a, \u0434\u0430\u0442\u0447\u0438\u043a\u043e\u0432 \u043f\u043e\u0436\u0430\u0440\u043e\u0442\u0443\u0448\u0435\u043d\u0438\u044f.", "image": "", "ceiling": 3, "name": "", "description": ""}, "model": "ceilings.detalnoeopisanie", "pk": 27}, {"fields": {"short_description": "\u041d\u0430\u0442\u044f\u0436\u043a\u0430 \u043f\u043e\u043b\u043e\u0442\u043d\u0430.", "image": "", "ceiling": 3, "name": "", "description": "\u041f\u0440\u043e\u0446\u0435\u0441\u0441 \u043d\u0430\u0442\u044f\u0436\u043a\u0438 \u0434\u043b\u044f \u0440\u0430\u0437\u043d\u044b\u0445 \u0441\u0438\u0441\u0442\u0435\u043c \u043a\u0440\u0435\u043f\u043b\u0435\u043d\u0438\u044f \u043e\u0442\u043b\u0438\u0447\u0430\u0435\u0442\u0441\u044f. \u041e\u0431\u0449\u0435\u0439 \u043e\u0442\u043b\u0438\u0447\u0438\u0442\u0435\u043b\u044c\u043d\u043e\u0439 \u0447\u0435\u0440\u0442\u043e\u0439 \u044f\u0432\u043b\u044f\u0435\u0442\u0441\u044f \u043d\u0435\u043e\u0431\u0445\u043e\u0434\u0438\u043c\u043e\u0441\u0442\u044c \u043f\u0440\u0435\u0434\u0432\u0430\u0440\u0438\u0442\u0435\u043b\u044c\u043d\u043e\u0433\u043e \u043d\u0430\u0433\u0440\u0435\u0432\u0430 \u043f\u043e\u043c\u0435\u0449\u0435\u043d\u0438\u044f \u0438 \u043f\u043e\u0441\u043b\u0435\u0434\u043e\u0432\u0430\u0442\u0435\u043b\u044c\u043d\u043e\u0441\u0442\u044c \u0437\u0430\u043a\u0440\u0435\u043f\u043b\u0435\u043d\u0438\u044f \u0443\u0433\u043b\u043e\u0432 \u043f\u043e\u043b\u043e\u0442\u043d\u0430."}, "model": "ceilings.detalnoeopisanie", "pk": 28}, {"fields": {"short_description": "\u0423\u0441\u0442\u0430\u043d\u043e\u0432\u043a\u0430 \u043e\u0441\u0432\u0435\u0442\u0438\u0442\u0435\u043b\u044c\u043d\u044b\u0445 \u043f\u0440\u0438\u0431\u043e\u0440\u043e\u0432, \u0432\u0435\u043d\u0442\u0438\u043b\u044f\u0446\u0438\u043e\u043d\u043d\u044b\u0445 \u0440\u0435\u0448\u0435\u0442\u043e\u043a, \u0434\u0430\u0442\u0447\u0438\u043a\u043e\u0432 \u043f\u043e\u0436\u0430\u0440\u043e\u0442\u0443\u0448\u0435\u043d\u0438\u044f.", "image": "", "ceiling": 3, "name": "", "description": "\u041d\u0430\u0448\u0430 \u043a\u043e\u043c\u043f\u0430\u043d\u0438\u044f \u0441\u043f\u0435\u0446\u0438\u0430\u043b\u0438\u0437\u0438\u0440\u0443\u0435\u0442\u0441\u044f \u043d\u0430 \u0438\u0437\u0433\u043e\u0442\u043e\u0432\u043b\u0435\u043d\u0438\u0438 \u0438 \u043c\u043e\u043d\u0442\u0430\u0436\u0435 \u043d\u0430\u0442\u044f\u0436\u043d\u044b\u0445 \u043f\u043e\u0442\u043e\u043b\u043a\u043e\u0432 \u0432 \u0425\u0430\u0440\u044c\u043a\u043e\u0432\u0435. \u0424\u043e\u0442\u043e \u043d\u0430\u0442\u044f\u0436\u043d\u044b\u0445 \u043f\u043e\u0442\u043e\u043b\u043a\u043e\u0432 \u0443\u0441\u0442\u0430\u043d\u043e\u0432\u043b\u0435\u043d\u043d\u044b\u0445 \u043d\u0430\u0448\u0438\u043c\u0438 \u0441\u043f\u0435\u0446\u0438\u0430\u043b\u0438\u0441\u0442\u0430\u043c\u0438 \u043c\u043e\u0436\u043d\u043e \u043f\u0440\u043e\u0441\u043c\u043e\u0442\u0440\u0435\u0442\u044c \u0432 \u0433\u0430\u043b\u0435\u0440\u0435\u0435 \u043d\u0430\u0448\u0438\u0445 \u0440\u0430\u0431\u043e\u0442. \u041d\u0430\u0448\u0438 \u0441\u043f\u0435\u0446\u0438\u0430\u043b\u0438\u0441\u0442\u044b \u043f\u043e\u043c\u043e\u0433\u0443\u0442 \u0412\u0430\u043c \u0432\u044b\u043f\u043e\u043b\u043d\u0438\u0442\u044c \u0440\u0430\u0441\u0447\u0435\u0442 \u043d\u0430\u0442\u044f\u0436\u043d\u043e\u0433\u043e \u043f\u043e\u0442\u043e\u043b\u043a\u0430, \u043f\u043e\u0434\u0441\u043a\u0430\u0436\u0443\u0442 \u0441 \u0434\u0438\u0437\u0430\u0439\u043d\u043e\u043c \u0438 \u0446\u0432\u0435\u0442\u043e\u0432\u044b\u043c \u043e\u0444\u043e\u0440\u043c\u043b\u0435\u043d\u0438\u0435\u043c \u043a\u043e\u043d\u0441\u0442\u0440\u0443\u043a\u0446\u0438\u0438."}, "model": "ceilings.detalnoeopisanie", "pk": 29}, {"fields": {"short_description": "", "image": "", "ceiling": 4, "name": "\u0426\u0412\u0415\u0422\u041e\u0412\u0410\u042f \u0413\u0410\u041c\u041c\u0410 \u041f\u041b\u0415\u041d\u041e\u041a", "description": " \u0426\u0432\u0435\u0442\u0430 \u043d\u0430\u0442\u044f\u0436\u043d\u044b\u0445 \u043f\u043e\u0442\u043e\u043b\u043a\u043e\u0432 \u043c\u043e\u0433\u0443\u0442 \u0431\u044b\u0442\u044c \u0441\u0430\u043c\u044b\u043c\u0438 \u0440\u0430\u0437\u043d\u044b\u043c\u0438. \u041e\u0442 \u043f\u0440\u0430\u0432\u0438\u043b\u044c\u043d\u043e\u0433\u043e \u0432\u044b\u0431\u043e\u0440\u0430 \u0446\u0432\u0435\u0442\u0430 \u043d\u0430\u0442\u044f\u0436\u043d\u043e\u0433\u043e \u043f\u043e\u043b\u043e\u0442\u043d\u0430 \u0437\u0430\u0432\u0438\u0441\u0438\u0442 \u043e\u0431\u0449\u0430\u044f \u0430\u0442\u043c\u043e\u0441\u0444\u0435\u0440\u0430 \u0432 \u043f\u043e\u043c\u0435\u0449\u0435\u043d\u0438\u0438. \u0411\u043e\u043b\u0435\u0435 \u0442\u043e\u0433\u043e, \u043d\u0430\u0448\u0438 \u044d\u043c\u043e\u0446\u0438\u0438 \u0438 \u043d\u0430\u0441\u0442\u0440\u043e\u0435\u043d\u0438\u0435 \u0442\u0430\u043a\u0436\u0435 \u043f\u043e\u0434\u0432\u0435\u0440\u0436\u0435\u043d\u044b \u0432\u043b\u0438\u044f\u043d\u0438\u044e \u043e\u0431\u0449\u0435\u0433\u043e \u0438\u043d\u0442\u0435\u0440\u044c\u0435\u0440\u0430 \u0438 \u0446\u0432\u0435\u0442\u043e\u0432\u043e\u0433\u043e \u043e\u0444\u043e\u0440\u043c\u043b\u0435\u043d\u0438\u044f \u043a\u043e\u043c\u043d\u0430\u0442\u044b. \u041a\u0430\u0436\u0434\u044b\u0439 \u043e\u0442\u0442\u0435\u043d\u043e\u043a \u0442\u043e\u0433\u043e \u0438\u043b\u0438 \u0438\u043d\u043e\u0433\u043e \u0446\u0432\u0435\u0442\u0430 \u0438\u043c\u0435\u0435\u0442 \u0441\u0432\u043e\u0438 \u043e\u043f\u0440\u0435\u0434\u0435\u043b\u0435\u043d\u043d\u044b\u0435 \u0430\u0441\u0441\u043e\u0446\u0438\u0430\u0446\u0438\u0438."}, "model": "ceilings.detalnoeopisanie", "pk": 33}, {"fields": {"short_description": "", "image": "", "ceiling": 4, "name": "", "description": "\u041f\u0440\u0438 \u0432\u044b\u0431\u043e\u0440\u0435 \u0446\u0432\u0435\u0442\u0430 \u0432 \u043f\u0435\u0440\u0432\u0443\u044e \u043e\u0447\u0435\u0440\u0435\u0434\u044c \u043e\u0431\u0440\u0430\u0449\u0430\u044e\u0442 \u0432\u043d\u0438\u043c\u0430\u043d\u0438\u0435 \u043d\u0430 \u043e\u0431\u0449\u0435\u0435 \u0446\u0432\u0435\u0442\u043e\u0432\u043e\u0435 \u043e\u0444\u043e\u0440\u043c\u043b\u0435\u043d\u0438\u0435 \u043a\u043e\u043c\u043d\u0430\u0442\u044b \u0438 \u044d\u043b\u0435\u043c\u0435\u043d\u0442\u044b \u0434\u0435\u043a\u043e\u0440\u0430. \u0418\u043c\u0435\u043d\u043d\u043e \u043f\u043e\u044d\u0442\u043e\u043c\u0443 \u043e\u043a\u043e\u043d\u0447\u0430\u0442\u0435\u043b\u044c\u043d\u044b\u0439 \u0432\u044b\u0431\u043e\u0440 \u043e\u0431\u044b\u0447\u043d\u043e \u0434\u0435\u043b\u0430\u044e\u0442 \u0443\u0436\u0435 \u043f\u043e\u0441\u043b\u0435 \u0442\u043e\u0433\u043e, \u043a\u0430\u043a \u043e\u043a\u043e\u043d\u0447\u0430\u0442\u0435\u043b\u044c\u043d\u043e \u043e\u043f\u0440\u0435\u0434\u0435\u043b\u0438\u043b\u0438\u0441\u044c \u0441 \u0432\u044b\u0431\u043e\u0440\u043e\u043c \u043e\u0431\u043e\u0435\u0432, \u043f\u043b\u0438\u0442\u043a\u0438, \u043a\u0440\u0430\u0441\u043a\u0438 \u0434\u043b\u044f \u0441\u0442\u0435\u043d \u0438 \u043f\u043e\u043b\u0430. \u0426\u0432\u0435\u0442 \u0441\u0442\u0435\u043d \u0438 \u043f\u043e\u0442\u043e\u043b\u043e\u0447\u043d\u043e\u0433\u043e \u043f\u043e\u043a\u0440\u044b\u0442\u0438\u044f \u043d\u0435 \u0434\u043e\u043b\u0436\u043d\u044b \u0441\u043e\u0432\u043f\u0430\u0434\u0430\u0442\u044c, \u043d\u0430\u0438\u043b\u0443\u0447\u0448\u0438\u043c \u0432\u0430\u0440\u0438\u0430\u043d\u0442\u043e\u043c \u0431\u0443\u0434\u0435\u0442 \u043f\u043e\u0434\u0431\u043e\u0440 \u043f\u043e\u043b\u043e\u0442\u043d\u0430 \u043a\u043e\u043d\u0442\u0440\u0430\u0441\u0442\u043d\u043e\u0433\u043e \u0446\u0432\u0435\u0442\u0430."}, "model": "ceilings.detalnoeopisanie", "pk": 34}, {"fields": {"short_description": "", "image": "", "ceiling": 4, "name": "", "description": " \u0412\u0442\u043e\u0440\u043e\u0439 \u0444\u0430\u043a\u0442\u043e\u0440, \u043a\u043e\u0442\u043e\u0440\u044b\u0439 \u0443\u0447\u0438\u0442\u044b\u0432\u0430\u044e\u0442 \u043f\u0440\u0438 \u0432\u044b\u0431\u043e\u0440\u0435 \u2013 \u044d\u0442\u043e \u0441\u0442\u0435\u043f\u0435\u043d\u044c \u043e\u0441\u0432\u0435\u0449\u0435\u043d\u043d\u043e\u0441\u0442\u0438 \u043f\u043e\u043c\u0435\u0449\u0435\u043d\u0438\u044f.  \u0418\u043d\u0442\u0435\u043d\u0441\u0438\u0432\u043d\u043e\u0441\u0442\u044c \u0441\u0432\u0435\u0442\u0430 \u0432 \u043a\u043e\u043c\u043d\u0430\u0442\u0435 \u0432\u043b\u0438\u044f\u0435\u0442 \u043d\u0430 \u043e\u0442\u043e\u0431\u0440\u0430\u0436\u0435\u043d\u0438\u0435 \u043e\u0442\u0442\u0435\u043d\u043a\u0430 \u043d\u0430\u0442\u044f\u0436\u043d\u043e\u0433\u043e \u043f\u043e\u0442\u043e\u043b\u043a\u0430 \u2013 \u043e\u043d \u043c\u043e\u0436\u0435\u0442 \u0441\u0442\u0430\u0442\u044c \u0431\u043e\u043b\u0435\u0435 \u043d\u0430\u0441\u044b\u0449\u0435\u043d\u043d\u044b\u043c\u0438 \u0438\u043b\u0438 \u0436\u0435 \u043d\u0430\u043e\u0431\u043e\u0440\u043e\u0442 \u043f\u043e\u0442\u0435\u0440\u044f\u0442\u044c \u0441\u0432\u043e\u044e \u044f\u0440\u043a\u043e\u0441\u0442\u044c. \u0422\u0430\u043a, \u043d\u0430\u043f\u0440\u0438\u043c\u0435\u0440, \u044f\u0440\u043a\u0438\u0439 \u0441\u0432\u0435\u0442 \u0434\u0435\u043b\u0430\u0435\u0442 \u0437\u0435\u043b\u0435\u043d\u044b\u0439, \u043a\u0440\u0430\u0441\u043d\u044b\u0439, \u043e\u0440\u0430\u043d\u0436\u0435\u0432\u044b\u0439 \u043e\u0442\u0442\u0435\u043d\u043a\u0438 \u0431\u043e\u043b\u0435\u0435 \u0441\u0432\u0435\u0442\u043b\u044b\u043c\u0438, \u0430 \u0441\u0438\u043d\u0438\u0439 \u0438 \u0433\u043e\u043b\u0443\u0431\u043e\u0439 \u2013 \u043d\u0430\u043e\u0431\u043e\u0440\u043e\u0442 \u0437\u0430\u0442\u0435\u043c\u043d\u044f\u0435\u0442."}, "model": "ceilings.detalnoeopisanie", "pk": 35}, {"fields": {"short_description": "", "image": "", "ceiling": 4, "name": "", "description": " \u0426\u0432\u0435\u0442\u043e\u0432\u0430\u044f \u0442\u0435\u043c\u043f\u0435\u0440\u0430\u0442\u0443\u0440\u0430 \u0442\u0430\u043a\u0436\u0435 \u0432\u0430\u0436\u043d\u0430, \u0438\u043c\u0435\u043d\u043d\u043e \u043e\u043d\u0430 \u0432\u043b\u0438\u044f\u0435\u0442 \u043d\u0430 \u043a\u043e\u043d\u0442\u0440\u0430\u0441\u0442\u043d\u043e\u0441\u0442\u044c \u0438 \u0441\u043e\u0447\u0435\u0442\u0430\u043d\u0438\u0435 \u0442\u0435\u0445 \u0438\u043b\u0438 \u0438\u043d\u044b\u0445 \u043e\u0442\u0442\u0435\u043d\u043a\u043e\u0432, \u043f\u043e\u043c\u043e\u0433\u0430\u0435\u0442 \u0441\u0434\u0435\u043b\u0430\u0442\u044c \u043a\u043e\u043c\u043d\u0430\u0442\u0443 \u0431\u043e\u043b\u0435\u0435 \u0442\u0435\u043f\u043b\u043e\u0439 \u0438 \u043e\u0441\u0432\u0435\u0449\u0435\u043d\u043d\u043e\u0439 \u043b\u0438\u0431\u043e \u0436\u0435 \u0434\u043e\u0431\u0430\u0432\u0438\u0442\u044c \u0435\u0439 \u043e\u0431\u044a\u0435\u043c\u0430. \u0422\u0430\u043a, \u043d\u0430\u043f\u0440\u0438\u043c\u0435\u0440, \u043a\u0440\u0430\u0441\u043d\u044b\u0439, \u0436\u0435\u043b\u0442\u044b\u0439, \u043e\u0440\u0430\u043d\u0436\u0435\u0432\u044b\u0439 \u0438 \u0438\u0445 \u043e\u0442\u0442\u0435\u043d\u043a\u0438 \u043e\u0442\u043d\u043e\u0441\u044f\u0442\u0441\u044f \u043a \u0442\u0435\u043f\u043b\u044b\u043c \u0442\u043e\u043d\u0430\u043c. \u0425\u043e\u043b\u043e\u0434\u043d\u044b\u043c\u0438 \u0442\u043e\u043d\u0430\u043c\u0438 \u0441\u0447\u0438\u0442\u0430\u044e\u0442\u0441\u044f \u0441\u0438\u043d\u0438\u0439, \u0433\u043e\u043b\u0443\u0431\u043e\u0439, \u0437\u0435\u043b\u0435\u043d\u044b\u0439 \u0438 \u0438\u0445 \u0432\u0430\u0440\u0438\u0430\u0446\u0438\u0438."}, "model": "ceilings.detalnoeopisanie", "pk": 36}, {"fields": {"short_description": "", "image": "", "ceiling": 4, "name": "", "description": " \u0412\u0441\u0435 \u044d\u0442\u0438 \u0444\u0430\u043a\u0442\u043e\u0440\u044b \u0443\u043a\u0430\u0437\u044b\u0432\u0430\u044e\u0442 \u043b\u0438\u0448\u044c \u043d\u0430 \u0442\u043e, \u0447\u0442\u043e \u043a \u043e\u0444\u043e\u0440\u043c\u043b\u0435\u043d\u0438\u044e \u043f\u043e\u043c\u0435\u0449\u0435\u043d\u0438\u044f \u0441\u0442\u043e\u0438\u0442 \u043e\u0442\u043d\u043e\u0441\u0438\u0442\u044c\u0441\u044f \u043d\u0435 \u043c\u0435\u043d\u0435\u0435 \u043e\u0442\u0432\u0435\u0442\u0441\u0442\u0432\u0435\u043d\u043d\u043e, \u0447\u0435\u043c \u043a \u043a\u0430\u0447\u0435\u0441\u0442\u0432\u0443 \u0438\u0441\u043f\u043e\u043b\u044c\u0437\u0443\u0435\u043c\u044b\u0445 \u043c\u0430\u0442\u0435\u0440\u0438\u0430\u043b\u043e\u0432. \u0412 \u0447\u0430\u0441\u0442\u043d\u043e\u0441\u0442\u0438, \u043d\u0430\u0442\u044f\u0436\u043d\u044b\u0435 \u043f\u043e\u0442\u043e\u043b\u043a\u0438 \u044f\u0432\u043b\u044f\u044e\u0442\u0441\u044f \u0432\u0430\u0436\u043d\u043e\u0439 \u0434\u0435\u0442\u0430\u043b\u044c\u044e \u043e\u0431\u0449\u0435\u0433\u043e \u0438\u043d\u0442\u0435\u0440\u044c\u0435\u0440\u0430 \u043f\u043e\u043c\u0435\u0449\u0435\u043d\u0438\u044f. \u041e\u0442 \u0434\u0438\u0437\u0430\u0439\u043d\u0430 \u043d\u0430\u0442\u044f\u0436\u043d\u044b\u0445 \u043f\u043e\u0442\u043e\u043b\u043a\u043e\u0432 \u0437\u0430\u0432\u0438\u0441\u0438\u0442 \u0430\u0442\u043c\u043e\u0441\u0444\u0435\u0440\u0430 \u0432 \u043f\u043e\u043c\u0435\u0449\u0435\u043d\u0438\u0438."}, "model": "ceilings.detalnoeopisanie", "pk": 37}, {"fields": {"short_description": "", "image": "", "ceiling": 4, "name": "", "description": " \u041a\u043e\u043c\u043f\u0430\u043d\u0438\u044f \u0418\u0440\u0438\u0441 \u0441\u043f\u0435\u0446\u0438\u0430\u043b\u0438\u0437\u0438\u0440\u0443\u0435\u0442\u0441\u044f \u043d\u0430 \u0438\u0437\u0433\u043e\u0442\u043e\u0432\u043b\u0435\u043d\u0438\u0438 \u0438 \u0443\u0441\u0442\u0430\u043d\u043e\u0432\u043a\u0435 \u043d\u0430\u0442\u044f\u0436\u043d\u044b\u0445 \u043f\u043e\u0442\u043e\u043b\u043a\u043e\u0432 \u0432 \u0433\u043e\u0440\u043e\u0434\u0435 \u0425\u0430\u0440\u044c\u043a\u043e\u0432\u0435. \u0414\u0438\u0437\u0430\u0439\u043d \u043d\u0430\u0442\u044f\u0436\u043d\u044b\u0445 \u043f\u043e\u0442\u043e\u043b\u043a\u043e\u0432 \u0437\u0430\u0432\u0438\u0441\u0438\u0442 \u0442\u043e\u043b\u044c\u043a\u043e \u043e\u0442 \u0412\u0430\u0448\u0435\u0439 \u0444\u0430\u043d\u0442\u0430\u0437\u0438\u0438, \u043c\u044b \u043c\u043e\u0436\u0435\u043c \u0432\u043e\u043f\u043b\u043e\u0442\u0438\u0442\u044c \u0432 \u0440\u0435\u0430\u043b\u044c\u043d\u043e\u0441\u0442\u044c \u043b\u044e\u0431\u0443\u044e \u0437\u0430\u0434\u0443\u043c\u043a\u0443 \u0438 \u0444\u0430\u043d\u0442\u0430\u0437\u0438\u044e. \u0417\u0432\u043e\u043d\u0438\u0442\u0435 \u0434\u043b\u044f \u043f\u043e\u043b\u0443\u0447\u0435\u043d\u0438\u044f \u0431\u0435\u0441\u043f\u043b\u0430\u0442\u043d\u043e\u0439 \u043a\u043e\u043d\u0441\u0443\u043b\u044c\u0442\u0430\u0446\u0438\u0438 \u043d\u0430\u0448\u0438\u0445 \u0441\u043f\u0435\u0446\u0438\u0430\u043b\u0438\u0441\u0442\u043e\u0432."}, "model": "ceilings.detalnoeopisanie", "pk": 38}, {"fields": {"short_description": "", "image": "images/1.jpg", "ceiling": 4, "name": "", "description": "\u0426\u0435\u043d\u044b \u043d\u0430 \u043d\u0430\u0442\u044f\u0436\u043d\u044b\u0435 \u043f\u043e\u0442\u043e\u043b\u043a\u0438, \u0444\u043e\u0442\u043e \u043a\u043e\u0442\u043e\u0440\u044b\u0445 \u043c\u043e\u0436\u043d\u043e \u043f\u0440\u043e\u0441\u043c\u043e\u0442\u0440\u0435\u0442\u044c \u0432 \u0433\u0430\u043b\u0435\u0440\u0435\u0435 \u043d\u0430\u0448\u0438\u0445 \u0440\u0430\u0431\u043e\u0442 \u0441\u0430\u043c\u044b\u0435 \u0440\u0430\u0437\u043d\u044b\u0435. \u0426\u0435\u043d\u0430 \u0437\u0430\u0432\u0438\u0441\u0438\u0442 \u0432 \u043e\u0441\u043d\u043e\u0432\u043d\u043e\u043c \u043e\u0442 \u043a\u043e\u043c\u043f\u043b\u0435\u043a\u0442\u0430\u0446\u0438\u0438 \u043a\u043e\u043d\u0441\u0442\u0440\u0443\u043a\u0446\u0438\u0438 \u0438 \u043e\u0431\u044a\u0435\u043c\u0430 \u0440\u0430\u0431\u043e\u0442 \u043f\u043e \u0443\u0441\u0442\u0430\u043d\u043e\u0432\u043a\u0435. \u0427\u0430\u0441\u0442\u043e \u0437\u0430\u043a\u0430\u0437\u0447\u0438\u043a \u043d\u0435 \u0441\u0440\u0430\u0437\u0443 \u043c\u043e\u0436\u0435\u0442 \u043e\u043f\u0440\u0435\u0434\u0435\u043b\u0438\u0442\u044c\u0441\u044f \u0441 \u0432\u044b\u0431\u043e\u0440\u043e\u043c \u0438 \u043e\u0441\u0442\u0430\u043d\u043e\u0432\u0438\u0442\u044c\u0441\u044f \u043d\u0430 \u043a\u0430\u043a\u043e\u043c-\u0442\u043e \u043e\u0434\u043d\u043e\u043c \u043e\u0442\u0442\u0435\u043d\u043a\u0435. \u0412 \u0442\u0430\u043a\u043e\u043c \u0441\u043b\u0443\u0447\u0430\u0435 \u043f\u0440\u043e\u0449\u0435 \u0432\u0441\u0435\u0433\u043e \u0431\u0443\u0434\u0435\u0442 \u0432\u044b\u0437\u0432\u0430\u0442\u044c \u0437\u0430\u043c\u0435\u0440\u0449\u0438\u043a\u0430 \u0441 \u043a\u0430\u0442\u0430\u043b\u043e\u0433\u043e\u043c \u0432\u0441\u0435\u0445 \u043f\u0440\u0435\u0434\u043b\u0430\u0433\u0430\u0435\u043c\u044b\u0445 \u0446\u0432\u0435\u0442\u043e\u0432 \u0438 \u0444\u0430\u043a\u0442\u0443\u0440 \u043d\u0430\u0442\u044f\u0436\u043d\u044b\u0445 \u043f\u043e\u0442\u043e\u043b\u043a\u043e\u0432."}, "model": "ceilings.detalnoeopisanie", "pk": 39}, {"fields": {"short_description": "", "image": "images/2.jpg", "ceiling": 4, "name": "", "description": ""}, "model": "ceilings.detalnoeopisanie", "pk": 40}, {"fields": {"short_description": "", "image": "images/3.jpg", "ceiling": 4, "name": "", "description": ""}, "model": "ceilings.detalnoeopisanie", "pk": 41}, {"fields": {"short_description": "", "image": "images/4.jpg", "ceiling": 4, "name": "", "description": ""}, "model": "ceilings.detalnoeopisanie", "pk": 42}, {"fields": {"short_description": "", "image": "images/5.jpg", "ceiling": 4, "name": "", "description": ""}, "model": "ceilings.detalnoeopisanie", "pk": 43}, {"fields": {"short_description": "", "image": "images/6.jpg", "ceiling": 4, "name": "", "description": ""}, "model": "ceilings.detalnoeopisanie", "pk": 44}, {"fields": {"short_description": "", "image": "images/P9200378.JPG", "ceiling": 4, "name": "", "description": ""}, "model": "ceilings.detalnoeopisanie", "pk": 45}, {"fields": {"short_description": "", "image": "", "ceiling": 5, "name": "\u042d\u0424\u0424\u0415\u041a\u0422 \"\u0417\u0412\u0415\u0417\u0414\u041d\u041e\u0415 \u041d\u0415\u0411\u041e\"", "description": " \u0412 \u0425\u0430\u0440\u044c\u043a\u043e\u0432\u0435 \u043d\u0430\u0442\u044f\u0436\u043d\u044b\u0435 \u043f\u043e\u0442\u043e\u043b\u043a\u0438 \u2013 \u044d\u0442\u043e \u0434\u043e\u0432\u043e\u043b\u044c\u043d\u043e \u0442\u0430\u043a\u0438 \u0440\u0430\u0441\u043f\u0440\u043e\u0441\u0442\u0440\u0430\u043d\u0435\u043d\u043d\u044b\u0439 \u0441\u043f\u043e\u0441\u043e\u0431 \u043e\u0442\u0434\u0435\u043b\u043a\u0438. \u0421\u0443\u0449\u0435\u0441\u0442\u0432\u0443\u0435\u0442 \u043e\u0433\u0440\u043e\u043c\u043d\u043e\u0435 \u043a\u043e\u043b\u0438\u0447\u0435\u0441\u0442\u0432\u043e \u0438\u0445 \u0440\u0430\u0437\u043d\u043e\u0432\u0438\u0434\u043d\u043e\u0441\u0442\u0435\u0439, \u043c\u043e\u0436\u043d\u043e \u043f\u043e\u0434\u043e\u0431\u0440\u0430\u0442\u044c \u043f\u043e\u043b\u043e\u0442\u043d\u043e \u043b\u044e\u0431\u043e\u0439 \u0444\u0430\u043a\u0442\u0443\u0440\u044b \u0438 \u043f\u0440\u0430\u043a\u0442\u0438\u0447\u0435\u0441\u043a\u0438 \u043b\u044e\u0431\u043e\u0433\u043e \u043e\u0442\u0442\u0435\u043d\u043a\u0430. \u0421\u0430\u043c\u044b\u043c \u0438\u043d\u0442\u0435\u0440\u0435\u0441\u043d\u044b\u043c \u0432\u0430\u0440\u0438\u0430\u043d\u0442\u043e\u043c \u0441\u0447\u0438\u0442\u0430\u0435\u0442\u0441\u044f \u043d\u0430\u0442\u044f\u0436\u043d\u043e\u0439 \u043f\u043e\u0442\u043e\u043b\u043e\u043a \u00ab\u0417\u0432\u0435\u0437\u0434\u043d\u043e\u0435 \u043d\u0435\u0431\u043e\u00bb. \u0422\u0430\u043a\u0430\u044f \u043a\u043e\u043d\u0441\u0442\u0440\u0443\u043a\u0446\u0438\u044f \u0441\u043e\u0441\u0442\u043e\u0438\u0442 \u0438\u0437 \u043f\u043e\u043b\u043e\u0442\u043d\u0430 \u0432 \u0441\u0438\u043d\u0438\u0445, \u0447\u0435\u0440\u043d\u044b\u0445 \u0438\u043b\u0438 \u0433\u043e\u043b\u0443\u0431\u044b\u0445 \u0442\u043e\u043d\u0430\u0445 \u0438 \u0441\u0438\u0441\u0442\u0435\u043c\u044b \u0441\u0432\u0435\u0442\u0438\u043b\u044c\u043d\u0438\u043a\u043e\u0432. \u041f\u043e\u043b\u043e\u0442\u043d\u043e \u043f\u043e\u0434\u0431\u0438\u0440\u0430\u044e\u0442 \u0438\u0437 \u0433\u043b\u044f\u043d\u0446\u0435\u0432\u043e\u0439 \u0438\u043b\u0438 \u0441\u0430\u0442\u0438\u043d\u043e\u0432\u043e\u0439 \u043f\u043b\u0435\u043d\u043a\u0438."}, "model": "ceilings.detalnoeopisanie", "pk": 46}, {"fields": {"short_description": "", "image": "", "ceiling": 5, "name": "", "description": " \u041d\u0430\u0442\u044f\u0436\u043d\u043e\u0439 \u043f\u043e\u0442\u043e\u043b\u043e\u043a \u0441 \u044d\u0444\u0444\u0435\u043a\u0442\u043e\u043c \u0437\u0432\u0435\u0437\u0434\u043d\u043e\u0433\u043e \u043d\u0435\u0431\u0430 \u043c\u043e\u0436\u0435\u0442 \u0431\u044b\u0442\u044c \u0432\u044b\u043f\u043e\u043b\u043d\u0435\u043d \u043f\u0440\u0438 \u043f\u043e\u043c\u043e\u0449\u0438 \u0440\u0430\u0437\u043d\u044b\u0445 \u0442\u0435\u0445\u043d\u043e\u043b\u043e\u0433\u0438\u0439."}, "model": "ceilings.detalnoeopisanie", "pk": 47}, {"fields": {"short_description": "\u0421\u0443\u0449\u0435\u0441\u0442\u0432\u0443\u044e\u0442 \u0442\u0430\u043a\u0438\u0435 \u0432\u0430\u0440\u0438\u0430\u043d\u0442\u044b \u0440\u0435\u0430\u043b\u0438\u0437\u0430\u0446\u0438\u0438 \u0442\u0430\u043a\u043e\u0433\u043e \u044d\u0444\u0444\u0435\u043a\u0442\u0430:", "image": "", "ceiling": 5, "name": "", "description": "\u25ba \u0443\u0441\u0442\u0430\u043d\u043e\u0432\u043a\u0430 \u0432 \u043d\u0430\u0442\u044f\u0436\u043d\u043e\u043c \u043f\u043e\u0442\u043e\u043b\u043a\u0435 \u0441\u0432\u0435\u0442\u043e\u0432\u043e\u0434\u043e\u0432 \u0438 \u0441\u0432\u0435\u0442\u043e\u0433\u0435\u043d\u0435\u0440\u0430\u0442\u043e\u0440\u0430, \u0441\u043e\u0437\u0434\u0430\u044e\u0449\u0435\u0433\u043e \u044d\u0444\u0444\u0435\u043a\u0442 \u043c\u0435\u0440\u0446\u0430\u043d\u0438\u044f. \u041a\u043e\u043b\u0438\u0447\u0435\u0441\u0442\u0432\u043e \u0441\u0432\u0435\u0442\u043e\u0432\u043e\u0434\u043e\u0432 \u043e\u043f\u0440\u0435\u0434\u0435\u043b\u044f\u0435\u0442 \u0436\u0435\u043b\u0430\u0435\u043c\u0443\u044e \u044f\u0440\u043a\u043e\u0441\u0442\u044c \u0437\u0432\u0435\u0437\u0434 \u0438 \u0441\u043e\u0437\u0432\u0435\u0437\u0434\u0438\u0439. \u0414\u043b\u044f \u043f\u0440\u0438\u0434\u0430\u043d\u0438\u044f \u00ab\u0437\u0432\u0435\u0437\u0434\u0430\u043c\u00bb \u0434\u043e\u043f\u043e\u043b\u043d\u0438\u0442\u0435\u043b\u044c\u043d\u043e\u0433\u043e \u043e\u0431\u044a\u0435\u043c\u0430 \u0438\u0441\u043f\u043e\u043b\u044c\u0437\u0443\u044e\u0442\u0441\u044f \u0445\u0440\u0443\u0441\u0442\u0430\u043b\u0438\u043a\u0438 \u0441\u0442\u0435\u043a\u043b\u0430, \u043f\u0440\u0435\u043b\u043e\u043c\u043b\u044f\u044e\u0449\u0438\u0435 \u0441\u0432\u0435\u0442."}, "model": "ceilings.detalnoeopisanie", "pk": 48}, {"fields": {"short_description": "", "image": "", "ceiling": 5, "name": "", "description": "\u25ba \u0443\u0441\u0442\u0430\u043d\u043e\u0432\u043a\u0430 \u0441\u0432\u0435\u0442\u043e\u0434\u0438\u043e\u0434\u043e\u0432 \u0438 \u043f\u0440\u043e\u0433\u0440\u0430\u043c\u043c\u043d\u043e\u0433\u043e \u0431\u043b\u043e\u043a\u0430 \u0443\u043f\u0440\u0430\u0432\u043b\u0435\u043d\u0438\u044f, \u043f\u043e\u0437\u0432\u043e\u043b\u044f\u044e\u0449\u0435\u0433\u043e \u0441\u043e\u0437\u0434\u0430\u0432\u0430\u0442\u044c \u044d\u0444\u0444\u0435\u043a\u0442 \u043c\u0435\u0440\u0446\u0430\u043d\u0438\u044f, \u043f\u043e\u0441\u043b\u0435\u0434\u043e\u0432\u0430\u0442\u0435\u043b\u044c\u043d\u043e \u0438\u043b\u0438 \u0445\u0430\u043e\u0442\u0438\u0447\u043d\u043e\u0435 \u0432\u043a\u043b\u044e\u0447\u0435\u043d\u0438\u0435 \u043e\u0442\u0434\u0435\u043b\u044c\u043d\u044b\u0445 \u0441\u0432\u0435\u0442\u043e\u0434\u0438\u043e\u0434\u043e\u0432. \u041f\u0440\u043e\u0433\u0440\u0430\u043c\u043c\u043d\u044b\u0439 \u0431\u043b\u043e\u043a \u0443\u043f\u0440\u0430\u0432\u043b\u0435\u043d\u0438\u044f \u043f\u043e\u0437\u0432\u043e\u043b\u044f\u0435\u0442 \u0438\u043c\u0438\u0442\u0438\u0440\u043e\u0432\u0430\u0442\u044c \u0441\u0435\u0432\u0435\u0440\u043d\u043e\u0435 \u0441\u0438\u044f\u043d\u0438\u0435, \u043f\u0430\u0434\u0435\u043d\u0438\u0435 \u043a\u043e\u043c\u0435\u0442\u044b, \u0432\u044b\u0441\u0432\u0435\u0447\u0438\u0432\u0430\u043d\u0438\u0435 \u0441\u043e\u0437\u0432\u0435\u0437\u0434\u0438\u0439."}, "model": "ceilings.detalnoeopisanie", "pk": 49}, {"fields": {"short_description": "", "image": "", "ceiling": 5, "name": "", "description": "\u25ba \u043d\u0430\u043d\u0435\u0441\u0435\u043d\u0438\u0435 \u043d\u0430 \u0443\u0436\u0435 \u043d\u0430\u0442\u044f\u043d\u0443\u0442\u043e\u0435 \u043f\u043e\u043b\u043e\u0442\u043d\u043e \u0432\u044b\u0431\u0440\u0430\u043d\u043d\u043e\u0439 \u043a\u043e\u043c\u043f\u043e\u0437\u0438\u0446\u0438\u0438 \u0437\u0432\u0435\u0437\u0434\u043d\u043e\u0433\u043e \u043d\u0435\u0431\u0430 \u043b\u044e\u043c\u0438\u043d\u0435\u0441\u0446\u0435\u043d\u0442\u043d\u044b\u043c\u0438 \u043a\u0440\u0430\u0441\u043a\u0430\u043c\u0438. \u0412 \u0440\u0435\u0437\u0443\u043b\u044c\u0442\u0430\u0442\u0435 \u0447\u0435\u0433\u043e \u0434\u043d\u0435\u043c \u043d\u0430\u0442\u044f\u0436\u043d\u043e\u0439 \u043f\u043e\u0442\u043e\u043b\u043e\u043a \u0438\u043c\u0435\u0435\u0442 \u043e\u0431\u044b\u0447\u043d\u0443\u044e \u043c\u0430\u0442\u043e\u0432\u0443\u044e \u0444\u0430\u043a\u0442\u0443\u0440\u0443, \u0430 \u043d\u043e\u0447\u044c\u044e \u043f\u0440\u0438 \u043f\u043e\u043c\u043e\u0449\u0438 \u0441\u043f\u0435\u0446\u0438\u0430\u043b\u044c\u043d\u043e \u043e\u0441\u0432\u0435\u0449\u0435\u043d\u0438\u044f \u043c\u043e\u0436\u043d\u043e \u043d\u0430\u0431\u043b\u044e\u0434\u0430\u0442\u044c \u043d\u0430 \u0435\u0433\u043e \u043f\u043e\u0432\u0435\u0440\u0445\u043d\u043e\u0441\u0442\u0438 \u0441\u0432\u0435\u0442\u044f\u0449\u0438\u0435\u0441\u044f \u0437\u0432\u0435\u0437\u0434\u044b \u0438 \u0441\u043e\u0437\u0432\u0435\u0437\u0434\u0438\u044f. \u0415\u0441\u043b\u0438 \u0412\u0430\u043c \u0432\u0434\u0440\u0443\u0433 \u043d\u0430\u0434\u043e\u0435\u0441\u0442 \u043d\u043e\u0447\u043d\u043e\u0435 \u043c\u0435\u0440\u0446\u0430\u043d\u0438\u0435 \u0437\u0432\u0435\u0437\u0434 \u0432\u0441\u0435\u0433\u0434\u0430 \u043c\u043e\u0436\u043d\u043e \u043f\u0440\u043e\u0441\u0442\u043e \u043f\u0435\u0440\u0435\u043a\u0440\u0430\u0441\u0438\u0442\u044c \u043f\u043e\u0442\u043e\u043b\u043e\u043a \u0432 \u0434\u0440\u0443\u0433\u043e\u0439 \u0446\u0432\u0435\u0442."}, "model": "ceilings.detalnoeopisanie", "pk": 50}, {"fields": {"short_description": "", "image": "", "ceiling": 5, "name": "", "description": "\u041a\u043e\u043c\u043f\u0430\u043d\u0438\u044f \"\u041e\u0420\u0424\u0418\" \u0437\u0430\u043d\u0438\u043c\u0430\u0435\u0442\u0441\u044f \u0438\u0437\u0433\u043e\u0442\u043e\u0432\u043b\u0435\u043d\u0438\u0435\u043c \u0438 \u0443\u0441\u0442\u0430\u043d\u043e\u0432\u043a\u043e\u0439 \u0431\u0435\u043b\u044c\u0433\u0438\u0439\u0441\u043a\u0438\u0445, \u0444\u0440\u0430\u043d\u0446\u0443\u0437\u0441\u043a\u0438\u0445 \u043d\u0430\u0442\u044f\u0436\u043d\u044b\u0445 \u043f\u043e\u0442\u043e\u043b\u043a\u043e\u0432 \u043d\u0430 \u043f\u0440\u043e\u0444\u0435\u0441\u0441\u0438\u043e\u043d\u0430\u043b\u044c\u043d\u043e\u043c \u0443\u0440\u043e\u0432\u043d\u0435. \u041c\u044b \u0432\u044b\u043f\u043e\u043b\u043d\u044f\u0435\u043c \u0431\u044b\u0441\u0442\u0440\u044b\u0439 \u0438 \u043a\u0430\u0447\u0435\u0441\u0442\u0432\u0435\u043d\u043d\u044b\u0439 \u043c\u043e\u043d\u0442\u0430\u0436 \u043a\u043e\u043d\u0441\u0442\u0440\u0443\u043a\u0446\u0438\u0439 \u043b\u044e\u0431\u043e\u0439 \u0441\u043b\u043e\u0436\u043d\u043e\u0441\u0442\u0438, \u0432 \u0442\u043e\u043c \u0447\u0438\u0441\u043b\u0435 \u0438 \u0441\u0438\u0441\u0442\u0435\u043c\u044b \u00ab\u0417\u0432\u0435\u0437\u0434\u043d\u043e\u0435 \u043d\u0435\u0431\u043e\u00bb. \u0425\u043e\u0442\u0435\u043b\u043e\u0441\u044c \u0431\u044b \u043e\u0442\u043c\u0435\u0442\u0438\u0442\u044c, \u0447\u0442\u043e \u0442\u0430\u043a\u043e\u0439 \u0441\u043f\u043e\u0441\u043e\u0431 \u043e\u0442\u0434\u0435\u043b\u043a\u0438 \u043f\u043e\u0434\u043e\u0439\u0434\u0435\u0442 \u043d\u0435 \u0442\u043e\u043b\u044c\u043a\u043e \u0434\u043b\u044f \u0441\u043f\u0430\u043b\u044c\u043d\u0438 \u0438\u043b\u0438 \u0434\u0435\u0442\u0441\u043a\u043e\u0439. \u0412 \u0433\u043e\u0441\u0442\u0438\u043d\u043e\u0439, \u0431\u0430\u0441\u0441\u0435\u0439\u043d\u0435, \u0432\u0430\u043d\u043d\u043e\u0439 \u0441\u0438\u0441\u0442\u0435\u043c\u0430 \u00ab\u0417\u0432\u0435\u0437\u0434\u043d\u043e\u0435 \u043d\u0435\u0431\u043e\u00bb \u0441\u043e\u0437\u0434\u0430\u0441\u0442 \u043d\u0435\u0432\u0435\u0440\u043e\u044f\u0442\u043d\u0443\u044e \u0430\u0442\u043c\u043e\u0441\u0444\u0435\u0440\u0443 \u0431\u0435\u0441\u043a\u043e\u043d\u0435\u0447\u043d\u044b\u0445 \u043f\u0440\u043e\u0441\u0442\u043e\u0440\u043e\u0432 \u0432\u0441\u0435\u043b\u0435\u043d\u043d\u043e\u0439 \u0438 \u043f\u043e\u043c\u043e\u0436\u0435\u0442 \u0441\u0431\u0435\u0436\u0430\u0442\u044c \u043e\u0442 \u0431\u0435\u0441\u043a\u043e\u043d\u0435\u0447\u043d\u043e\u0439 \u0441\u0443\u0435\u0442\u044b."}, "model": "ceilings.detalnoeopisanie", "pk": 51}, {"fields": {"short_description": "", "image": "", "ceiling": 5, "name": "", "description": " \u0426\u0435\u043d\u044b \u043d\u0430 \u043d\u0430\u0442\u044f\u0436\u043d\u044b\u0435 \u043f\u043e\u0442\u043e\u043b\u043a\u0438 \u0441 \u044d\u0444\u0444\u0435\u043a\u0442\u043e\u043c \u0437\u0432\u0435\u0437\u0434\u043d\u043e\u0433\u043e \u043d\u0435\u0431\u0430 \u0441\u0430\u043c\u044b\u0435 \u0440\u0430\u0437\u043d\u044b\u0435. \u0426\u0435\u043d\u0430 \u0437\u0430\u0432\u0438\u0441\u0438\u0442 \u0432 \u043e\u0441\u043d\u043e\u0432\u043d\u043e\u043c \u043e\u0442 \u0432\u044b\u0431\u0440\u0430\u043d\u043d\u043e\u0439 \u043a\u043e\u043c\u043f\u043b\u0435\u043a\u0442\u0430\u0446\u0438\u0438. \u041a\u0430\u0440\u0442\u0443 \u0440\u0430\u0441\u043f\u043e\u043b\u043e\u0436\u0435\u043d\u0438\u044f \u0437\u0432\u0435\u0437\u0434 \u0438 \u0441\u043e\u0437\u0432\u0435\u0437\u0434\u0438\u0439 \u043c\u043e\u0436\u043d\u043e \u0441\u043e\u0437\u0434\u0430\u0442\u044c \u0441\u0430\u043c\u043e\u0441\u0442\u043e\u044f\u0442\u0435\u043b\u044c\u043d\u043e, \u0432\u0441\u0435 \u0437\u0430\u0432\u0438\u0441\u0438\u0442 \u043b\u0438\u0448\u044c \u043e\u0442 \u0432\u0430\u0448\u0435\u0439 \u0444\u0430\u043d\u0442\u0430\u0437\u0438\u0438 \u0438 \u043c\u0435\u0442\u0440\u0430\u0436\u0430 \u043a\u043e\u043c\u043d\u0430\u0442\u044b. \u0424\u043e\u0442\u043e\u0433\u0440\u0430\u0444\u0438\u0438 \u043d\u0430\u0442\u044f\u0436\u043d\u044b\u0445 \u043f\u043e\u0442\u043e\u043b\u043a\u043e\u0432 \u00ab\u0417\u0432\u0435\u0437\u0434\u043d\u043e\u0435 \u043d\u0435\u0431\u043e\u00bb \u043c\u043e\u0436\u043d\u043e \u043f\u0440\u043e\u0441\u043c\u043e\u0442\u0440\u0435\u0442\u044c \u0432 \u0433\u0430\u043b\u0435\u0440\u0435\u0435 \u043d\u0430\u0448\u0438\u0445 \u0440\u0430\u0431\u043e\u0442, \u043b\u044e\u0431\u043e\u0439 \u043f\u043e\u043d\u0440\u0430\u0432\u0438\u0432\u0448\u0438\u0439\u0441\u044f \u0432\u0430\u0440\u0438\u0430\u043d\u0442 \u043c\u043e\u0436\u043d\u043e \u0440\u0435\u0430\u043b\u0438\u0437\u043e\u0432\u0430\u0442\u044c \u0443 \u0412\u0430\u0441 \u0434\u043e\u043c\u0430!"}, "model": "ceilings.detalnoeopisanie", "pk": 52}, {"fields": {"short_description": "", "image": "", "ceiling": 6, "name": "\u0424\u041e\u0422\u041e\u041f\u0415\u0427\u0410\u0422\u042c", "description": " \u041f\u043e\u043b\u043e\u0442\u043d\u043e \u0441 \u0444\u043e\u0442\u043e\u043f\u0435\u0447\u0430\u0442\u044c\u044e \u0432 \u0432\u0438\u0434\u0435 \u0433\u043e\u043b\u0443\u0431\u043e\u0433\u043e \u043d\u0435\u0431\u0430 \u0438\u043b\u0438 \u043e\u0431\u043b\u0430\u043a\u043e\u0432 \u043f\u043e\u043c\u043e\u0436\u0435\u0442 \u043e\u0444\u043e\u0440\u043c\u0438\u0442\u044c \u043f\u043e\u043c\u0435\u0449\u0435\u043d\u0438\u0435 \u0432 \u044d\u043a\u0437\u043e\u0442\u0438\u0447\u0435\u0441\u043a\u043e\u043c \u0441\u0442\u0438\u043b\u0435. \u041f\u0440\u0430\u0432\u0438\u043b\u044c\u043d\u043e \u0440\u0430\u0441\u043f\u043e\u043b\u043e\u0436\u0438\u0432 \u0441\u0432\u0435\u0442\u0438\u043b\u044c\u043d\u0438\u043a\u0438, \u043c\u043e\u0436\u043d\u043e \u0432\u044b\u0433\u043e\u0434\u043d\u043e \u043f\u043e\u0434\u0447\u0435\u0440\u043a\u043d\u0443\u0442\u044c \u0434\u043e\u0441\u0442\u043e\u0438\u043d\u0441\u0442\u0432\u0430 \u043f\u043e\u043c\u0435\u0449\u0435\u043d\u0438\u044f \u0438 \u0441\u043a\u0440\u044b\u0442\u044c \u0435\u0433\u043e \u043d\u0435\u0434\u043e\u0441\u0442\u0430\u0442\u043a\u0438. \u0421\u043a\u0430\u0437\u043e\u0447\u043d\u0443\u044e \u0430\u0442\u043c\u043e\u0441\u0444\u0435\u0440\u0443 \u043f\u043e\u043c\u043e\u0433\u0443\u0442 \u0441\u043e\u0437\u0434\u0430\u0442\u044c \u0433\u043b\u044f\u043d\u0446\u0435\u0432\u044b\u0435 \u0438 \u043c\u0430\u0442\u043e\u0432\u044b\u0435 \u043f\u043e\u0432\u0435\u0440\u0445\u043d\u043e\u0441\u0442\u0438, \u0440\u0430\u0437\u043d\u043e\u043e\u0431\u0440\u0430\u0437\u043d\u044b\u0435 \u0446\u0432\u0435\u0442\u043e\u0432\u044b\u0435 \u0440\u0435\u0448\u0435\u043d\u0438\u044f, \u0443\u0437\u043e\u0440\u044b \u043f\u043e\u043c\u043e\u0433\u0443\u0442 \u0441\u043e\u0437\u0434\u0430\u0442\u044c \u043f\u0440\u0430\u043a\u0442\u0438\u0447\u0435\u0441\u043a\u0438 \u043b\u044e\u0431\u043e\u0439 \u0446\u0432\u0435\u0442\u043e\u0432\u043e\u0439 \u043b\u0438\u0431\u043e \u0444\u0430\u043a\u0442\u0443\u0440\u043d\u044b\u0439 \u044d\u0444\u0444\u0435\u043a\u0442."}, "model": "ceilings.detalnoeopisanie", "pk": 53}, {"fields": {"short_description": "", "image": "", "ceiling": 6, "name": "", "description": "\u0426\u0435\u043d\u0430 \u043d\u0430 \u043d\u0430\u0442\u044f\u0436\u043d\u044b\u0435 \u043f\u043e\u0442\u043e\u043b\u043a\u0438 \u0432 \u0425\u0430\u0440\u044c\u043a\u043e\u0432\u0435 \u0441\u0430\u043c\u0430\u044f \u0440\u0430\u0437\u043d\u0430\u044f. \u0412 \u043f\u0435\u0440\u0432\u0443\u044e \u043e\u0447\u0435\u0440\u0435\u0434\u044c \u0441\u0442\u043e\u0438\u043c\u043e\u0441\u0442\u044c \u0437\u0430\u0432\u0438\u0441\u0438\u0442 \u043e\u0442 \u043f\u0440\u043e\u0438\u0437\u0432\u043e\u0434\u0438\u0442\u0435\u043b\u044f \u043f\u043e\u043b\u043e\u0442\u043d\u0430, \u0432\u044b\u0431\u043e\u0440\u0430 \u0444\u0430\u043a\u0442\u0443\u0440\u044b, \u0438 \u0434\u0438\u0437\u0430\u0439\u043d\u0430. \u0412\u0430\u0440\u0438\u0430\u043d\u0442\u043e\u0432 \u043e\u0442\u0434\u0435\u043b\u043a\u0438 \u043e\u0447\u0435\u043d\u044c \u043c\u043d\u043e\u0433\u043e, \u043a\u043e\u043c\u043f\u0430\u043d\u0438\u044f \u00ab\u041e\u0420\u0424\u0418\u00bb \u043f\u043e\u043c\u043e\u0436\u0435\u0442 \u0412\u0430\u043c \u0440\u0435\u0430\u043b\u0438\u0437\u043e\u0432\u0430\u0442\u044c \u043b\u044e\u0431\u043e\u0439 \u0434\u0438\u0437\u0430\u0439\u043d\u0435\u0440\u0441\u043a\u0438\u0439 \u043f\u0440\u043e\u0435\u043a\u0442, \u043d\u0435 \u0437\u0430\u0432\u0438\u0441\u0438\u043c\u043e \u043e\u0442 \u0435\u0433\u043e \u0441\u043b\u043e\u0436\u043d\u043e\u0441\u0442\u0438 \u0438 \u0441\u0442\u0438\u043b\u044f."}, "model": "ceilings.detalnoeopisanie", "pk": 54}, {"fields": {"short_description": "", "image": "", "ceiling": 7, "name": "\u0420\u0415\u041c\u041e\u041d\u0422 \u041d\u0410\u0422\u042f\u0416\u041d\u042b\u0425 \u041f\u041e\u0422\u041e\u041b\u041a\u041e\u0412", "description": "\u041a\u043e\u043c\u043f\u0430\u043d\u0438\u044f \"\u041e\u0420\u0424\u0418\" \u043e\u0441\u0443\u0449\u0435\u0441\u0442\u0432\u043b\u044f\u0435\u0442 \u043d\u0435 \u0442\u043e\u043b\u044c\u043a\u043e \u0443\u0441\u0442\u0430\u043d\u043e\u0432\u043a\u0443, \u043d\u043e \u0438 \u0440\u0435\u043c\u043e\u043d\u0442 \u043d\u0430\u0442\u044f\u0436\u043d\u044b\u0445 \u043f\u043e\u0442\u043e\u043b\u043a\u043e\u0432. "}, "model": "ceilings.detalnoeopisanie", "pk": 55}, {"fields": {"short_description": " \u0421\u0443\u0449\u0435\u0441\u0442\u0432\u0443\u0435\u0442 \u043d\u0435\u0441\u043a\u043e\u043b\u044c\u043a\u043e \u044d\u043a\u0441\u0442\u0440\u0435\u043d\u043d\u044b\u0445 \u0441\u043b\u0443\u0447\u0430\u0435\u0432, \u0432 \u043a\u043e\u0442\u043e\u0440\u044b\u0445 \u043c\u043e\u0436\u0435\u0442 \u043f\u043e\u043d\u0430\u0434\u043e\u0431\u0438\u0442\u044c\u0441\u044f \u0440\u0435\u043c\u043e\u043d\u0442 \u043d\u0430\u0442\u044f\u0436\u043d\u043e\u0433\u043e \u043f\u043e\u0442\u043e\u043b\u043a\u0430:", "image": "", "ceiling": 7, "name": "", "description": "\u25ba \u041d\u0430\u0442\u044f\u0436\u043d\u043e\u0439 \u043f\u043e\u0442\u043e\u043b\u043e\u043a \u00ab\u0417\u0432\u0435\u0437\u0434\u043d\u043e\u0435 \u043d\u0435\u0431\u043e\u00bb \u0438\u043c\u0435\u0435\u0442 \u0432\u0441\u0442\u0440\u043e\u0435\u043d\u043d\u043e\u0435 \u0440\u0435\u043b\u0435, \u043e\u0442\u0432\u0435\u0447\u0430\u044e\u0449\u0435\u0435 \u0437\u0430 \u043d\u0430\u0441\u0442\u0440\u043e\u0439\u043a\u0438 \u0444\u0443\u043d\u043a\u0446\u0438\u043e\u043d\u0438\u0440\u043e\u0432\u0430\u043d\u0438\u044f \u0441\u0432\u0435\u0442\u043e\u0434\u0438\u043e\u0434\u043e\u0432 \u0438 \u0441\u0432\u0435\u0442\u0438\u043b\u044c\u043d\u0438\u043a\u043e\u0432. \u041a\u043e\u0433\u0434\u0430 \u0440\u0435\u043b\u0435 \u043f\u0440\u0438\u0445\u043e\u0434\u0438\u0442 \u0432 \u043d\u0435\u0433\u043e\u0434\u043d\u043e\u0441\u0442\u044c \u043c\u043e\u0436\u0435\u0442 \u043f\u043e\u043d\u0430\u0434\u043e\u0431\u0438\u0442\u044c\u0441\u044f \u0434\u0435\u043c\u043e\u043d\u0442\u0430\u0436 \u0432\u0441\u0435\u0439 \u043a\u043e\u043d\u0441\u0442\u0440\u0443\u043a\u0446\u0438\u0438. \u0412\u043e \u0438\u0437\u0431\u0435\u0436\u0430\u043d\u0438\u0435 \u043f\u043e\u0434\u043e\u0431\u043d\u044b\u0445 \u043f\u0440\u043e\u0431\u043b\u0435\u043c \u043e\u0431\u044b\u0447\u043d\u043e \u043f\u0440\u043e\u0441\u0442\u043e \u0438\u0437\u043d\u0430\u0447\u0430\u043b\u044c\u043d\u043e \u0443\u0441\u0442\u0430\u043d\u0430\u0432\u043b\u0438\u0432\u0430\u044e\u0442 \u0440\u0435\u043b\u0435 \u0432 \u043b\u0435\u0433\u043a\u043e \u0434\u043e\u0441\u0442\u0443\u043f\u043d\u043e\u043c \u043c\u0435\u0441\u0442\u0435."}, "model": "ceilings.detalnoeopisanie", "pk": 56}, {"fields": {"short_description": "", "image": "", "ceiling": 7, "name": "", "description": "\u25ba  \u0421 \u043a\u0440\u0430\u044e \u0447\u0430\u0441\u0442\u044c \u043f\u043e\u043b\u043e\u0442\u043d\u0430 \u0441 \u043f\u0440\u043e\u0444\u0438\u043b\u0435\u043c \u043e\u0442\u0441\u043e\u0435\u0434\u0438\u043d\u0438\u043b\u0430\u0441\u044c. \u0422\u0430\u043a\u0430\u044f \u0441\u0438\u0442\u0443\u0430\u0446\u0438\u044f \u043f\u0440\u043e\u0438\u0441\u0445\u043e\u0434\u0438\u0442 \u043e\u0431\u044b\u0447\u043d\u043e \u0438\u0437-\u0437\u0430 \u043d\u0435\u043a\u0430\u0447\u0435\u0441\u0442\u0432\u0435\u043d\u043d\u043e\u0439 \u0443\u0441\u0442\u0430\u043d\u043e\u0432\u043a\u0438, \u043f\u043e\u0434\u043e\u0431\u043d\u044b\u0439 \u0434\u0435\u0444\u0435\u043a\u0442 \u043d\u0435 \u0432\u043b\u0435\u0447\u0435\u0442 \u0437\u0430 \u0441\u043e\u0431\u043e\u0439 \u043f\u043e\u0432\u0440\u0435\u0436\u0434\u0435\u043d\u0438\u0435 \u043f\u043e\u043b\u043e\u0442\u043d\u0430, \u043e\u0434\u043d\u0430\u043a\u043e \u0442\u0440\u0435\u0431\u0443\u0435\u0442 \u0443\u0441\u0442\u0440\u0430\u043d\u0435\u043d\u0438\u044f."}, "model": "ceilings.detalnoeopisanie", "pk": 57}, {"fields": {"short_description": "", "image": "", "ceiling": 7, "name": "", "description": "\u25ba   \u0412 \u043a\u043e\u043d\u0441\u0442\u0440\u0443\u043a\u0446\u0438\u0438 \u0441 \u0433\u0430\u0440\u043f\u0443\u043d\u043d\u043e\u0439 \u0441\u0438\u0441\u0442\u0435\u043c\u043e\u0439 \u043a\u0440\u0435\u043f\u043b\u0435\u043d\u0438\u044f \u0441 \u043a\u0440\u0430\u044e \u0433\u0430\u0440\u043f\u0443\u043d \u043e\u0442\u0441\u043e\u0435\u0434\u0438\u043d\u0438\u043b\u0441\u044f \u043e\u0442 \u043f\u043b\u0435\u0442\u043a\u0438. \u041f\u043e\u0434\u043e\u0431\u043d\u044b\u0439 \u0434\u0435\u0444\u0435\u043a\u0442 \u0432\u044b\u0437\u0432\u0430\u043d \u0437\u0430\u0432\u043e\u0434\u0441\u043a\u0438\u043c \u0431\u0440\u0430\u043a\u043e\u043c \u043f\u0440\u043e\u0438\u0437\u0432\u043e\u0434\u0438\u0442\u0435\u043b\u044f \u0441\u0438\u0441\u0442\u0435\u043c\u044b \u043a\u0440\u0435\u043f\u043b\u0435\u043d\u0438\u044f, \u043e\u043d \u043c\u043e\u0436\u0435\u0442 \u0431\u044b\u0442\u044c \u0443\u0441\u0442\u0440\u0430\u043d\u0435\u043d \u0431\u0435\u0437 \u0434\u0435\u043c\u043e\u043d\u0442\u0430\u0436\u0430 \u0432\u0441\u0435\u0439 \u0443\u0441\u0442\u0430\u043d\u043e\u0432\u043a\u0438."}, "model": "ceilings.detalnoeopisanie", "pk": 58}, {"fields": {"short_description": " \u041e\u0434\u043d\u0430\u043a\u043e \u043d\u0435 \u0432\u043e \u0432\u0441\u0435\u0445 \u0441\u043b\u0443\u0447\u0430\u044f\u0445 \u043f\u043e\u043b\u043e\u0442\u043d\u043e \u043f\u043e\u0434\u043b\u0435\u0436\u0438\u0442 \u0432\u043e\u0441\u0441\u0442\u0430\u043d\u043e\u0432\u043b\u0435\u043d\u0438\u044e, \u043f\u0440\u0438 \u044d\u043a\u0441\u043f\u043b\u0443\u0430\u0442\u0430\u0446\u0438\u0438 \u043d\u0430\u0442\u044f\u0436\u043d\u044b\u0445 \u043f\u043e\u0442\u043e\u043b\u043a\u043e\u0432 \u0441\u043b\u0435\u0434\u0443\u0435\u0442 \u0441\u043e\u0431\u043b\u044e\u0434\u0430\u0442\u044c \u0441\u043b\u0435\u0434\u0443\u044e\u0449\u0438\u0435 \u0443\u0441\u043b\u043e\u0432\u0438\u044f:", "image": "", "ceiling": 7, "name": "", "description": "\u25ba \u0418\u0437\u0431\u0435\u0433\u0430\u0442\u044c \u043a\u043e\u043d\u0442\u0430\u043a\u0442\u0430 \u043f\u043e\u043b\u043e\u0442\u043d\u0430 \u0441 \u043e\u0441\u0442\u0440\u044b\u043c\u0438 \u043f\u0440\u0435\u0434\u043c\u0435\u0442\u0430\u043c\u0438 \u0432\u043e \u0438\u0437\u0431\u0435\u0436\u0430\u043d\u0438\u0435 \u0435\u0433\u043e \u043f\u043e\u0432\u0440\u0435\u0436\u0434\u0435\u043d\u0438\u044f. \u0412 \u043a\u0430\u0447\u0435\u0441\u0442\u0432\u0435 \u0431\u044e\u0434\u0436\u0435\u0442\u043d\u043e\u0433\u043e \u0432\u0430\u0440\u0438\u0430\u043d\u0442\u0430 \u0442\u0430\u043a\u043e\u0435 \u043f\u043e\u0432\u0440\u0435\u0436\u0434\u0435\u043d\u0438\u0435 \u043c\u043e\u0436\u043d\u043e \u0437\u0430\u043a\u043b\u0435\u0438\u0442\u044c \u0438\u043b\u0438 \u0437\u0430\u043c\u0430\u0441\u043a\u0438\u0440\u043e\u0432\u0430\u0442\u044c \u0434\u043e\u0431\u0430\u0432\u043b\u0435\u043d\u0438\u0435\u043c \u0434\u043e\u043f\u043e\u043b\u043d\u0438\u0442\u0435\u043b\u044c\u043d\u043e\u0433\u043e \u044d\u043b\u0435\u043c\u0435\u043d\u0442\u0430. \u0412 \u043a\u0430\u0447\u0435\u0441\u0442\u0432\u0435 \u043b\u0430\u0442\u043a\u0438 \u043c\u043e\u0436\u043d\u043e \u0438\u0441\u043f\u043e\u043b\u044c\u0437\u043e\u0432\u0430\u0442\u044c \u043f\u0440\u043e\u0437\u0440\u0430\u0447\u043d\u044b\u0439 \u0441\u043a\u043e\u0442\u0447, \u043f\u043b\u0435\u043d\u043a\u0443 \u041f\u0412\u0425 \u0442\u0430\u043a\u043e\u0433\u043e \u0436\u0435 \u0446\u0432\u0435\u0442\u0430. \u041a\u0430\u043a \u0434\u043e\u043f\u043e\u043b\u043d\u0438\u0442\u0435\u043b\u044c\u043d\u044b\u0439 \u044d\u043b\u0435\u043c\u0435\u043d\u0442 \u043c\u043e\u0436\u0435\u0442 \u0431\u044b\u0442\u044c \u0443\u0441\u0442\u0430\u043d\u043e\u0432\u043b\u0435\u043d\u0430 \u0432\u044b\u0442\u044f\u0436\u043a\u0430, \u0441\u0432\u0435\u0442\u0438\u043b\u044c\u043d\u0438\u043a, \u043c\u0443\u0437\u044b\u043a\u0430\u043b\u044c\u043d\u0430\u044f \u043a\u043e\u043b\u043e\u043d\u043a\u0430 \u0438\u043b\u0438 \u043a\u0430\u043a\u0430\u044f \u043b\u0438\u0431\u043e \u0434\u0435\u043a\u043e\u0440\u0430\u0442\u0438\u0432\u043d\u0430\u044f \u043d\u0430\u043a\u043b\u0435\u0439\u043a\u0430. \u0411\u043e\u043b\u0435\u0435 \u0434\u043e\u0440\u043e\u0433\u0438\u043c \u0432\u0430\u0440\u0438\u0430\u043d\u0442\u043e\u043c \u0441\u0442\u0430\u043d\u0435\u0442 \u043f\u043e\u043b\u043d\u0430\u044f \u0437\u0430\u043c\u0435\u043d\u0430 \u043f\u043e\u043b\u043e\u0442\u043d\u0430."}, "model": "ceilings.detalnoeopisanie", "pk": 59}, {"fields": {"short_description": "", "image": "", "ceiling": 7, "name": "", "description": "\u25ba  \u0418\u0437\u0431\u0435\u0433\u0430\u0442\u044c \u043f\u0430\u0434\u0435\u043d\u0438\u044f \u0442\u0435\u043c\u043f\u0435\u0440\u0430\u0442\u0443\u0440\u044b \u0432\u043e\u0437\u0434\u0443\u0445\u0430 \u0432 \u043f\u043e\u043c\u0435\u0449\u0435\u043d\u0438\u0438 \u0434\u043e \u043d\u0443\u043b\u0435\u0432\u043e\u0439 \u043e\u0442\u043c\u0435\u0442\u043a\u0438. \u0421\u043b\u0435\u0434\u0443\u0435\u0442 \u0442\u0430\u043a\u0436\u0435 \u0438\u0437\u0431\u0435\u0433\u0430\u0442\u044c \u0440\u0435\u0437\u043a\u0438\u0445 \u043f\u0435\u0440\u0435\u043f\u0430\u0434\u043e\u0432 \u0442\u0435\u043c\u043f\u0435\u0440\u0430\u0442\u0443\u0440 \u0432 \u043f\u043e\u043c\u0435\u0449\u0435\u043d\u0438\u0438. \u041f\u0440\u0438 \u043c\u0438\u043d\u0443\u0441\u043e\u0432\u043e\u0439 \u0442\u0435\u043c\u043f\u0435\u0440\u0430\u0442\u0443\u0440\u0435 \u043f\u043b\u0435\u043d\u043a\u0430 \u0441\u0442\u0430\u043d\u043e\u0432\u0438\u0442\u0441\u044f \u0443\u044f\u0437\u0432\u0438\u043c\u043e\u0439 \u0438 \u043c\u043e\u0436\u0435\u0442 \u043b\u043e\u043f\u043d\u0443\u0442\u044c \u0434\u0430\u0436\u0435 \u043e\u0442 \u0434\u0432\u0438\u0436\u0435\u043d\u0438\u044f \u0432\u043e\u0437\u0434\u0443\u0445\u0430 \u0432\u044b\u0437\u044b\u0432\u0430\u0435\u043c\u043e\u0433\u043e \u043e\u0442\u043a\u0440\u044b\u0442\u0438\u0435\u043c \u0437\u0430\u043a\u0440\u044b\u0442\u0438\u0435\u043c \u0434\u0432\u0435\u0440\u0438."}, "model": "ceilings.detalnoeopisanie", "pk": 60}, {"fields": {"short_description": "", "image": "", "ceiling": 7, "name": "", "description": "\u25ba   \u041a\u043e\u043d\u0441\u0442\u0440\u0443\u043a\u0446\u0438\u044f \u043d\u0430\u0442\u044f\u0436\u043d\u043e\u0433\u043e \u043f\u043e\u0442\u043e\u043b\u043a\u0430 \u0443\u0441\u0442\u0440\u043e\u0435\u043d\u0430 \u0442\u0430\u043a\u0438\u043c \u043e\u0431\u0440\u0430\u0437\u043e\u043c, \u0447\u0442\u043e \u0432 \u0441\u043b\u0443\u0447\u0430\u0435 \u0437\u0430\u0442\u043e\u043f\u043b\u0435\u043d\u0438\u044f \u043f\u043b\u0435\u043d\u043a\u0430 \u0432\u044b\u0434\u0435\u0440\u0436\u0438\u0432\u0430\u0435\u0442 \u0434\u043e\u0441\u0442\u0430\u0442\u043e\u0447\u043d\u043e \u0431\u043e\u043b\u044c\u0448\u043e\u0435 \u043a\u043e\u043b\u0438\u0447\u0435\u0441\u0442\u0432\u043e \u0432\u043e\u0434\u044b \u2013 \u0432 \u0442\u0430\u043a\u043e\u043c \u0441\u043b\u0443\u0447\u0430\u0435 \u0432\u043e\u0434\u0443 \u043c\u043e\u0436\u043d\u043e \u0431\u0443\u0434\u0435\u0442 \u043f\u0440\u043e\u0441\u0442\u043e \u0441\u043b\u0438\u0442\u044c. \u0421\u043b\u0438\u0432 \u0432\u043e\u0434\u044b \u043c\u043e\u0436\u0435\u0442 \u0431\u044b\u0442\u044c \u043e\u0441\u0443\u0449\u0435\u0441\u0442\u0432\u043b\u0435\u043d  \u0441\u043f\u0435\u0446\u0438\u0430\u043b\u0438\u0441\u0442\u0430\u043c\u0438 \u043f\u043e \u043d\u0430\u0442\u044f\u0436\u043d\u044b\u043c \u043f\u043e\u0442\u043e\u043b\u043a\u0430\u043c. \u041f\u0440\u0438 \u0437\u0430\u0442\u043e\u043f\u043b\u0435\u043d\u0438\u0438 \u0433\u043e\u0440\u044f\u0447\u0435\u0439 \u0432\u043e\u0434\u043e\u0439 \u043f\u043b\u0435\u043d\u043a\u0430 \u043c\u043e\u0436\u0435\u0442 \u0434\u0435\u0444\u043e\u0440\u043c\u0438\u0440\u043e\u0432\u0430\u0442\u044c\u0441\u044f \u0438 \u043f\u043e\u0442\u0440\u0435\u0431\u0443\u0435\u0442\u0441\u044f \u0435\u0451 \u0437\u0430\u043c\u0435\u043d\u0430."}, "model": "ceilings.detalnoeopisanie", "pk": 61}, {"fields": {"short_description": "", "image": "", "ceiling": 7, "name": "", "description": " \u0421\u043f\u0435\u0446\u0438\u0430\u043b\u0438\u0441\u0442\u044b \u043a\u043e\u043c\u043f\u0430\u043d\u0438\u0438 \"\u041e\u0420\u0424\u0418\" \u0432\u044b\u043f\u043e\u043b\u043d\u044f\u0442 \u0440\u0435\u043c\u043e\u043d\u0442 \u043d\u0430\u0442\u044f\u0436\u043d\u044b\u0445 \u043f\u043e\u0442\u043e\u043b\u043a\u043e\u0432 \u043b\u044e\u0431\u043e\u0439 \u0441\u043b\u043e\u0436\u043d\u043e\u0441\u0442\u0438. \u0412\u0441\u0435 \u0440\u0430\u0431\u043e\u0442\u044b \u0432\u044b\u043f\u043e\u043b\u043d\u044f\u044e\u0442\u0441\u044f \u0432 \u043a\u0440\u0430\u0442\u0447\u0430\u0439\u0448\u0438\u0435 \u0441\u0440\u043e\u043a\u0438, \u043c\u044b \u0441\u043f\u0435\u0446\u0438\u0430\u043b\u0438\u0437\u0438\u0440\u0443\u0435\u043c\u0441\u044f \u043a\u0430\u043a \u043d\u0430 \u0438\u0441\u043f\u0440\u0430\u0432\u043b\u0435\u043d\u0438\u0438 \u043c\u0435\u043b\u043a\u0438\u0445 \u0434\u0435\u0444\u0435\u043a\u0442\u043e\u0432, \u0442\u0430\u043a \u0438 \u043d\u0430 \u043f\u0435\u0440\u0435\u0442\u044f\u0436\u043a\u0435 \u043f\u043e\u0442\u043e\u043b\u043a\u0430 \u043d\u0430 \u0441\u0443\u0449\u0435\u0441\u0442\u0432\u0443\u044e\u0449\u0438\u0439 \u043f\u0440\u043e\u0444\u0438\u043b\u044c."}, "model": "ceilings.detalnoeopisanie", "pk": 62}, {"fields": {"short_description": "", "image": "", "ceiling": 8, "name": "\u0421\u041b\u0418\u0412 \u0412\u041e\u0414\u042b", "description": "  \u041a\u043e\u043d\u0441\u0442\u0440\u0443\u043a\u0446\u0438\u044f \u043d\u0430\u0442\u044f\u0436\u043d\u043e\u0433\u043e \u043f\u043e\u0442\u043e\u043b\u043a\u0430 \u0443\u0441\u0442\u0440\u043e\u0435\u043d\u0430 \u0442\u0430\u043a\u0438\u043c \u043e\u0431\u0440\u0430\u0437\u043e\u043c, \u0447\u0442\u043e \u043f\u043e\u043b\u043e\u0442\u043d\u043e, \u0437\u0430\u043a\u0440\u0435\u043f\u043b\u0435\u043d\u043d\u043e\u0435 \u043d\u0430 \u043c\u0435\u0442\u0430\u043b\u043b\u0438\u0447\u0435\u0441\u043a\u043e\u043c \u0438\u043b\u0438 \u043f\u043b\u0430\u0441\u0442\u0438\u043a\u043e\u0432\u043e\u043c \u043a\u0430\u0440\u043a\u0430\u0441\u0435, \u043c\u043e\u0436\u0435\u0442 \u0432\u044b\u043f\u043e\u043b\u043d\u044f\u0442\u044c \u0444\u0443\u043d\u043a\u0446\u0438\u044e \u0441\u0431\u043e\u0440\u043d\u0438\u043a\u0430 \u0432\u043e\u0434\u044b. \u041f\u043b\u0435\u043d\u043a\u0430, \u0438\u0441\u043f\u043e\u043b\u044c\u0437\u0443\u0435\u043c\u0430\u044f \u0432 \u043a\u043e\u043d\u0441\u0442\u0440\u0443\u043a\u0446\u0438\u0438 \u043e\u0447\u0435\u043d\u044c \u043f\u0440\u043e\u0447\u043d\u0430\u044f \u0438 \u044d\u043b\u0430\u0441\u0442\u0438\u0447\u043d\u0430\u044f, \u043e\u043d\u0430 \u043e\u0431\u0435\u0441\u043f\u0435\u0447\u0438\u0432\u0430\u0435\u0442 \u0433\u0435\u0440\u043c\u0435\u0442\u0438\u0447\u043d\u043e\u0441\u0442\u044c \u0434\u0430\u0436\u0435 \u043f\u0440\u0438 \u0431\u043e\u043b\u044c\u0448\u043e\u043c \u043a\u043e\u043b\u0438\u0447\u0435\u0441\u0442\u0432\u0435 \u0432\u043e\u0434\u044b. \u041e\u0434\u043d\u0430\u043a\u043e \u043d\u0430\u0433\u0440\u0443\u0437\u043a\u0430 \u0434\u043e\u043b\u0436\u043d\u0430 \u0431\u044b\u0442\u044c \u0440\u0430\u0432\u043d\u043e\u043c\u0435\u0440\u043d\u043e\u0439, \u043f\u0440\u0438 \u0441\u0442\u0430\u0431\u0438\u043b\u044c\u043d\u043e\u0439 \u043f\u043b\u044e\u0441\u043e\u0432\u043e\u0439 \u0442\u0435\u043c\u043f\u0435\u0440\u0430\u0442\u0443\u0440\u0435 \u0432\u043e\u0437\u0434\u0443\u0445\u0430 \u0432 \u043f\u043e\u043c\u0435\u0449\u0435\u043d\u0438\u0438 \u043f\u043b\u0435\u043d\u043a\u0430 \u043c\u043e\u0436\u0435\u0442 \u0432\u044b\u0434\u0435\u0440\u0436\u0430\u0442\u044c \u0434\u043e 100 \u043b\u0438\u0442\u0440\u043e\u0432 \u0432\u043e\u0434\u044b \u043d\u0430 \u043e\u0434\u0438\u043d \u043a\u0432\u0430\u0434\u0440\u0430\u0442\u043d\u044b\u0439 \u043c\u0435\u0442\u0440. \u0415\u0441\u043b\u0438 \u0412\u0430\u0441 \u0437\u0430\u0442\u043e\u043f\u0438\u0442 \u0433\u043e\u0440\u044f\u0447\u0435\u0439 \u0432\u043e\u0434\u043e\u0439, \u043d\u0430\u0442\u044f\u0436\u043d\u043e\u0439 \u043f\u043e\u0442\u043e\u043b\u043e\u043a \u043c\u043e\u0436\u0435\u0442 \u043d\u0435 \u0432\u044b\u0434\u0435\u0440\u0436\u0430\u0442\u044c \u0434\u0430\u0432\u043b\u0435\u043d\u0438\u044f \u0432\u043e\u0434\u044b \u0438 \u0432\u043b\u0438\u044f\u043d\u0438\u044f \u0432\u044b\u0441\u043e\u043a\u043e\u0439 \u0442\u0435\u043c\u043f\u0435\u0440\u0430\u0442\u0443\u0440\u044b, \u0432 \u0442\u0430\u043a\u043e\u043c \u0441\u043b\u0443\u0447\u0430\u0435 \u043f\u043e\u0442\u0440\u0435\u0431\u0443\u0435\u0442\u0441\u044f \u043f\u043e\u043b\u043d\u0430\u044f \u0437\u0430\u043c\u0435\u043d\u0430 \u043f\u043e\u043b\u043e\u0442\u043d\u0430."}, "model": "ceilings.detalnoeopisanie", "pk": 63}, {"fields": {"short_description": "", "image": "", "ceiling": 8, "name": "", "description": "\u0412 \u0441\u043b\u0443\u0447\u0430\u0435 \u0437\u0430\u0442\u043e\u043f\u043b\u0435\u043d\u0438\u044f \u043d\u0435\u043e\u0431\u0445\u043e\u0434\u0438\u043c\u043e \u0443\u0441\u0442\u0440\u0430\u043d\u0438\u0442\u044c \u043f\u0440\u0438\u0447\u0438\u043d\u0443 \u043f\u043e\u0442\u043e\u043f\u0430 \u0438 \u0441\u0440\u0430\u0437\u0443 \u0436\u0435 \u0432\u044b\u0437\u0432\u0430\u0442\u044c \u0441\u043f\u0435\u0446\u0438\u0430\u043b\u0438\u0441\u0442\u043e\u0432. \u041d\u0438 \u0432 \u043a\u043e\u0435\u043c \u0441\u043b\u0443\u0447\u0430\u0435 \u043d\u0435 \u0441\u0442\u043e\u0438\u0442 \u0441\u0430\u043c\u043e\u0441\u0442\u043e\u044f\u0442\u0435\u043b\u044c\u043d\u043e \u0441\u043b\u0438\u0432\u0430\u0442\u044c \u0432\u043e\u0434\u0443, \u0440\u0430\u0437\u0440\u0435\u0437\u0430\u0432 \u0438\u043b\u0438 \u043f\u0440\u043e\u043a\u043e\u043b\u043e\u0432 \u043d\u0430\u0442\u044f\u0436\u043d\u043e\u0439 \u043f\u043e\u0442\u043e\u043b\u043e\u043a.  \u0421\u0430\u043c\u043e\u0441\u0442\u043e\u044f\u0442\u0435\u043b\u044c\u043d\u043e \u044d\u0442\u043e \u043c\u043e\u0436\u043d\u043e \u0441\u0434\u0435\u043b\u0430\u0442\u044c, \u0435\u0441\u043b\u0438 \u0443 \u0412\u0430\u0441 \u0435\u0441\u0442\u044c \u0432\u0441\u0442\u0440\u043e\u0435\u043d\u043d\u044b\u0435 \u044d\u043b\u0435\u043c\u0435\u043d\u0442\u044b (\u0441\u0432\u0435\u0442\u0438\u043b\u044c\u043d\u0438\u043a\u0438, \u043b\u044e\u0441\u0442\u0440\u0430, \u0432\u044b\u0442\u044f\u0436\u043a\u0430 \u0438\u043b\u0438 \u0432\u0435\u043d\u0442\u0438\u043b\u044f\u0446\u0438\u044f). \u0412 \u0442\u0430\u043a\u043e\u043c \u0441\u043b\u0443\u0447\u0430\u0435 \u043d\u0435\u043e\u0431\u0445\u043e\u0434\u0438\u043c\u043e \u043f\u0440\u0435\u0434\u0432\u0430\u0440\u0438\u0442\u0435\u043b\u044c\u043d\u043e \u043e\u0442\u043a\u043b\u044e\u0447\u0438\u0442\u044c \u044d\u043b\u0435\u043a\u0442\u0440\u043e\u044d\u043d\u0435\u0440\u0433\u0438\u044e, \u043d\u0430\u0448\u0438 \u0441\u043f\u0435\u0446\u0438\u0430\u043b\u0438\u0441\u0442\u044b \u0434\u043e \u043f\u0440\u0438\u0435\u0437\u0434\u0430 \u0434\u0430\u0434\u0443\u0442 \u0412\u0430\u043c \u0432\u0441\u0435 \u043d\u0435\u043e\u0431\u0445\u043e\u0434\u0438\u043c\u044b\u0435 \u0440\u0435\u043a\u043e\u043c\u0435\u043d\u0434\u0430\u0446\u0438\u0438."}, "model": "ceilings.detalnoeopisanie", "pk": 64}, {"fields": {"short_description": "", "image": "", "ceiling": 8, "name": "", "description": "\u041f\u043e\u0441\u043b\u0435 \u0441\u043b\u0438\u0432\u0430 \u0436\u0438\u0434\u043a\u043e\u0441\u0442\u0438 \u043c\u043e\u043d\u0442\u0430\u0436\u043d\u0438\u043a\u0438 \u0441\u043d\u0438\u043c\u0430\u044e\u0442 \u043f\u043e\u043b\u043e\u0442\u043d\u043e, \u043f\u0440\u043e\u0441\u0443\u0448\u0438\u0432\u0430\u044e\u0442 \u0435\u0433\u043e \u043f\u043e\u0432\u0435\u0440\u0445\u043d\u043e\u0441\u0442\u044c. \u041f\u043e\u0441\u043b\u0435 \u043f\u0440\u043e\u0441\u0443\u0448\u043a\u0438 \u0438 \u0443\u0441\u0442\u0430\u043d\u043e\u0432\u043a\u0438 \u043d\u0430\u0442\u044f\u0436\u043d\u043e\u0439 \u043f\u043e\u0442\u043e\u043b\u043e\u043a \u043f\u0440\u0438\u043e\u0431\u0440\u0435\u0442\u0430\u0435\u0442 \u0441\u0432\u043e\u0439 \u043d\u0430\u0447\u0430\u043b\u044c\u043d\u044b\u0439 \u0432\u0438\u0434, \u0431\u0435\u0437 \u043a\u0430\u043a\u0438\u0445 \u043b\u0438\u0431\u043e \u0434\u043e\u043f\u043e\u043b\u043d\u0438\u0442\u0435\u043b\u044c\u043d\u044b\u0445 \u0440\u0430\u0431\u043e\u0442. \u041f\u043e\u043c\u043d\u0438\u0442\u0435, \u0447\u0442\u043e \u043d\u0435\u043f\u0440\u043e\u0444\u0435\u0441\u0441\u0438\u043e\u043d\u0430\u043b\u044c\u043d\u044b\u0435 \u0434\u0435\u0439\u0441\u0442\u0432\u0438\u044f \u043f\u0440\u0438 \u0441\u043b\u0438\u0432\u0435 \u0432\u043e\u0434\u044b \u043c\u043e\u0433\u0443\u0442 \u043f\u0440\u0438\u0432\u0435\u0441\u0442\u0438 \u043a \u0440\u0430\u0437\u0440\u044b\u0432\u0443 \u043f\u043e\u043b\u043e\u0442\u043d\u0430 \u0438 \u0435\u0433\u043e \u043f\u0440\u0438\u0434\u0435\u0442\u0441\u044f \u0437\u0430\u043d\u043e\u0432\u043e \u0443\u0441\u0442\u0430\u043d\u0430\u0432\u043b\u0438\u0432\u0430\u0442\u044c."}, "model": "ceilings.detalnoeopisanie", "pk": 65}, {"fields": {"short_description": "", "image": "", "ceiling": 8, "name": "", "description": "\u0421\u043f\u0435\u0446\u0438\u0430\u043b\u0438\u0441\u0442\u044b \u043a\u043e\u043c\u043f\u0430\u043d\u0438\u0438 \"\u041e\u0420\u0424\u0418\" \u0437\u0430\u043d\u0438\u043c\u0430\u044e\u0442\u0441\u044f \u043d\u0435 \u0442\u043e\u043b\u044c\u043a\u043e \u0443\u0441\u0442\u0430\u043d\u043e\u0432\u043a\u043e\u0439 \u043d\u0430\u0442\u044f\u0436\u043d\u044b\u0445 \u043f\u043e\u0442\u043e\u043b\u043a\u043e\u0432. \u041c\u044b \u0442\u0430\u043a\u0436\u0435 \u0441\u043f\u0435\u0446\u0438\u0430\u043b\u0438\u0437\u0438\u0440\u0443\u0435\u043c\u0441\u044f \u043d\u0430 \u0440\u0435\u043c\u043e\u043d\u0442\u0435 \u043d\u0430\u0442\u044f\u0436\u043d\u044b\u0445 \u043f\u043e\u0442\u043e\u043b\u043a\u043e\u0432 \u0438 \u0441\u043b\u0438\u0432\u0435 \u0432\u043e\u0434\u044b \u0432 \u0441\u043b\u0443\u0447\u0430\u0435 \u0437\u0430\u0442\u043e\u043f\u043b\u0435\u043d\u0438\u044f. \u041c\u044b \u0441\u0442\u0430\u0440\u0430\u0435\u043c\u0441\u044f \u043c\u0430\u043a\u0441\u0438\u043c\u0430\u043b\u044c\u043d\u043e \u0431\u044b\u0441\u0442\u0440\u043e \u0440\u0435\u0430\u0433\u0438\u0440\u043e\u0432\u0430\u0442\u044c \u043d\u0430 \u0432\u0441\u0435 \u043f\u043e\u0441\u0442\u0443\u043f\u0430\u044e\u0449\u0438\u0435 \u0432\u044b\u0437\u043e\u0432\u044b. \u0421\u0442\u043e\u0438\u043c\u043e\u0441\u0442\u044c \u0437\u0430\u0432\u0438\u0441\u0438\u0442 \u043e\u0442 \u043e\u0431\u044a\u0435\u043c\u0430 \u0432\u044b\u043f\u043e\u043b\u043d\u044f\u0435\u043c\u043e\u0439 \u0440\u0430\u0431\u043e\u0442\u044b \u0438 \u0435\u0451 \u0441\u043b\u043e\u0436\u043d\u043e\u0441\u0442\u0438."}, "model": "ceilings.detalnoeopisanie", "pk": 66}, {"fields": {"image": "gallery/LkDi5FCv_inettools.net_resize_image.jpg", "name": "\u0412 \u0413\u041e\u0421\u0422\u0418\u041d\u041d\u0423\u042e", "title": "\u0412 \u0413\u041e\u0421\u0422\u0418\u041d\u041d\u0423\u042e"}, "model": "gallery.gallery", "pk": 1}, {"fields": {"image": "gallery/phoca_thumb_m_3.jpg", "name": "\u0412 \u0414\u0415\u0422\u0421\u041a\u0423\u042e", "title": "\u0412 \u0414\u0415\u0422\u0421\u041a\u0423\u042e"}, "model": "gallery.gallery", "pk": 2}, {"fields": {"image": "gallery/phoca_thumb_m_3_7.JPG", "name": "\u041d\u0410 \u041a\u0423\u0425\u041d\u042e", "title": "\u041d\u0410 \u041a\u0423\u0425\u041d\u042e"}, "model": "gallery.gallery", "pk": 3}, {"fields": {"image": "gallery/109Md007_inettools.net_resize_image.jpg", "name": "\u0412 \u0421\u041f\u0410\u041b\u042c\u041d\u042e", "title": "\u0412 \u0421\u041f\u0410\u041b\u042c\u041d\u042e"}, "model": "gallery.gallery", "pk": 4}, {"fields": {"image": "gallery/hJmdx0E4_inettools.net_resize_image.jpeg", "name": "\u0417\u0412\u0415\u0417\u0414\u041d\u041e\u0415 \u041d\u0415\u0411\u041e", "title": "\u0417\u0412\u0415\u0417\u0414\u041d\u041e\u0415 \u041d\u0415\u0411\u041e"}, "model": "gallery.gallery", "pk": 5}, {"fields": {"image": "gallery/moOIhmSH_inettools.net_resize_image.jpg", "name": "\u0424\u041e\u0422\u041e\u041f\u0415\u0427\u0410\u0422\u042c", "title": "\u0424\u041e\u0422\u041e\u041f\u0415\u0427\u0410\u0422\u042c"}, "model": "gallery.gallery", "pk": 6}, {"fields": {"image": "gallery/EJhimWyM_inettools.net_resize_image.jpg", "name": "\u0423\u0421\u0422\u0410\u041d\u041e\u0412\u041a\u0410 \u041f\u041e\u0422\u041e\u041b\u041a\u041e\u0412", "title": "\u0423\u0421\u0422\u0410\u041d\u041e\u0412\u041a\u0410 \u041f\u041e\u0422\u041e\u041b\u041a\u041e\u0412"}, "model": "gallery.gallery", "pk": 7}, {"fields": {"image": "gallery/pictures/uC8OF5m7_inettools.net_resize_image_C0WKWth.jpg", "gallery": 1, "order": 1}, "model": "gallery.picture", "pk": 1}, {"fields": {"image": "gallery/pictures/02.jpg", "gallery": 1, "order": 2}, "model": "gallery.picture", "pk": 2}, {"fields": {"image": "gallery/pictures/03.jpg", "gallery": 1, "order": 3}, "model": "gallery.picture", "pk": 3}, {"fields": {"image": "gallery/pictures/04.jpg", "gallery": 1, "order": 4}, "model": "gallery.picture", "pk": 4}, {"fields": {"image": "gallery/pictures/05.jpg", "gallery": 1, "order": 5}, "model": "gallery.picture", "pk": 5}, {"fields": {"image": "gallery/pictures/06.jpg", "gallery": 1, "order": 6}, "model": "gallery.picture", "pk": 6}, {"fields": {"image": "gallery/pictures/04_hYkqgxQ.jpg", "gallery": 1, "order": 7}, "model": "gallery.picture", "pk": 7}, {"fields": {"title": "\u0413\u043b\u0430\u0432\u043d\u0430\u044f"}, "model": "home.home", "pk": 1}, {"fields": {"home": 1, "image": "slider/01.jpg"}, "model": "home.slider", "pk": 1}, {"fields": {"home": 1, "image": "slider/02.jpg"}, "model": "home.slider", "pk": 2}, {"fields": {"home": 1, "image": "slider/03.jpg"}, "model": "home.slider", "pk": 3}, {"fields": {"home": 1, "image": "slider/04.jpg"}, "model": "home.slider", "pk": 4}, {"fields": {"home": 1, "image": "slider/05.jpg"}, "model": "home.slider", "pk": 5}, {"fields": {"first_field": "  \u0424\u0430\u043a\u0442\u0443\u0440\u0430 \u043f\u043b\u0435\u043d\u043a\u0438", "name": "\u041f\u0420\u0410\u0419\u0421-\u041b\u0418\u0421\u0422", "second_field": "\u0415\u0434\u0435\u043d\u0438\u0446\u0430 \u0438\u0437\u043c\u0435\u0440\u0435\u043d\u0438\u044f", "fifth_field": "\u0434\u043e 5\u043c2", "fourth_field": "\u043e\u0442 5 \u0434\u043e 10\u043c2", "third_field": "\u043e\u0442 10 \u043c2"}, "model": "prices.pricetable", "pk": 1}, {"fields": {"first_field": "\u041c\u0430\u0442\u043e\u0432\u0430\u044f - \u042d\u0444\u0444\u0435\u043a\u0442 \u0438\u0434\u0435\u0430\u043b\u044c\u043d\u043e \u0440\u043e\u0432\u043d\u043e\u0439 \u043f\u043e\u0432\u0435\u0440\u0445\u043d\u043e\u0441\u0442\u0438 , \u043f\u043e\u043b\u043d\u043e\u0441\u0442\u044c\u044e \u043e\u0442\u0441\u0443\u0442\u0441\u0442\u0432\u0443\u0435\u0442 \u0431\u043b\u0435\u0441\u043a.", "name": "", "second_field": "\u043a\u0432.\u043c", "fifth_field": "\u043e\u0442 350 ", "fourth_field": "\u043e\u0442 210", "third_field": "\u043e\u0442 180"}, "model": "prices.pricetable", "pk": 2}, {"fields": {"first_field": "\u0413\u043b\u044f\u043d\u0446\u0435\u0432\u0430\u044f - \u0418\u043c\u0435\u0435\u0442 \u0437\u0435\u0440\u043a\u0430\u043b\u044c\u043d\u044b\u0439 \u044d\u0444\u0444\u0435\u043a\u0442, \u0431\u043b\u0430\u0433\u043e\u0434\u0430\u0440\u044f \u0447\u0435\u043c\u0443 \u0432\u0438\u0437\u0443\u0430\u043b\u044c\u043d\u043e \u0443\u0432\u0435\u043b\u0438\u0447\u0438\u0432\u0430\u0435\u0442 \u043e\u0431\u044a\u0435\u043c \u043f\u043e\u043c\u0435\u0449\u0435\u043d\u0438\u044f.", "name": "", "second_field": "\u043a\u0432.\u043c", "fifth_field": "\u043e\u0442 350", "fourth_field": "\u043e\u0442 230", "third_field": "\u043e\u0442 190 "}, "model": "prices.pricetable", "pk": 4}, {"fields": {"first_field": " \u0421\u0430\u0442\u0438\u043d\u043e\u0432\u0430\u044f - \u0412\u0438\u0437\u0443\u0430\u043b\u044c\u043d\u043e-\u0438\u0434\u0435\u0430\u043b\u044c\u043d\u043e \u0432\u044b\u043a\u0440\u0430\u0448\u0435\u043d\u043d\u044b\u0439 \u043f\u043e\u0442\u043e\u043b\u043e\u043a, \u043f\u0440\u0438\u0441\u0443\u0442\u0441\u0442\u0432\u0443\u0435\u0442 \u043b\u0435\u0433\u043a\u0438\u0439 \u0431\u043b\u0435\u0441\u043a.", "name": "", "second_field": "\u043a\u0432.\u043c", "fifth_field": "\u043e\u0442 300", "fourth_field": "\u043e\u0442 260", "third_field": "\u043e\u0442 220"}, "model": "prices.pricetable", "pk": 5}, {"fields": {"first_field": " \u041f\u043e\u043b\u0443\u043f\u0440\u043e\u0437\u0440\u0430\u0447\u043d\u0430\u044f - \u0427\u0430\u0441\u0442\u0438\u0447\u043d\u043e \u043f\u0440\u043e\u043f\u0443\u0441\u043a\u0430\u0435\u0442 \u0441\u0432\u0435\u0442, \u0447\u0442\u043e \u043f\u043e\u0437\u0432\u043e\u043b\u044f\u0435\u0442 \u0441\u043e\u0437\u0434\u0430\u0432\u0430\u0442\u044c \u0440\u0430\u0437\u043b\u0438\u0447\u043d\u044b\u0435 \u0441\u0432\u0435\u0442\u043e\u0432\u044b\u0435 \u044d\u0444\u0444\u0435\u043a\u0442\u044b.", "name": "", "second_field": "\u043a\u0432.\u043c", "fifth_field": " \u043e\u0442 380", "fourth_field": "\u043e\u0442  260", "third_field": "\u043e\u0442 230"}, "model": "prices.pricetable", "pk": 6}, {"fields": {"first_field": " \u041f\u0435\u0440\u043b\u0430\u043c\u0443\u0442\u0440\u043e\u0432\u0430\u044f - \u044d\u0444\u0444\u0435\u043a\u0442 \u043f\u0435\u0440\u043b\u0430\u043c\u0443\u0442\u0440\u0430.", "name": "", "second_field": "\u043a\u0432.\u043c", "fifth_field": " \u043e\u0442 380", "fourth_field": "\u043e\u0442 280", "third_field": "\u043e\u0442 240"}, "model": "prices.pricetable", "pk": 7}, {"fields": {"first_field": "\u041f\u043b\u0435\u043d\u043a\u0438 \u0441 \u044d\u0444\u0444\u0435\u043a\u0442\u043e\u043c \"\u043c\u0435\u0442\u0430\u043b\u043b\u0438\u043a\" - \u0438\u043c\u0438\u0442\u0438\u0440\u0443\u0435\u0442 \u0431\u043b\u0435\u0441\u043a \u0441\u043e\u043e\u0442\u0432\u0435\u0442\u0441\u0442\u0432\u0443\u044e\u0449\u0438\u0439 \u0446\u0432\u0435\u0442\u0443 \u043c\u0435\u0442\u0430\u043b\u043b\u0430.", "name": "", "second_field": "\u043a\u0432.\u043c", "fifth_field": "\u043e\u0442 380", "fourth_field": "\u043e\u0442 280", "third_field": "\u043e\u0442 240"}, "model": "prices.pricetable", "pk": 8}, {"fields": {"third_field": "\u0421\u0442\u043e\u0438\u043c\u043e\u0441\u0442\u044c", "first_field": "\u042d\u043b\u0435\u043c\u0435\u043d\u0442\u044b \u043c\u043e\u043d\u0442\u0430\u0436\u0430", "name": "\u0414\u043e\u043f\u043e\u043b\u043d\u0438\u0442\u0435\u043b\u044c\u043d\u044b\u0435 \u044d\u043b\u0435\u043c\u0435\u043d\u0442\u044b \u0441\u043b\u043e\u0436\u043d\u043e\u0441\u0442\u0438", "second_field": "\u0415\u0434\u0435\u043d\u0438\u0446\u0430 \u0438\u0437\u043c\u0435\u0440\u0435\u043d\u0438\u044f"}, "model": "prices.secondpricetable", "pk": 1}, {"fields": {"third_field": " 100 \u0433\u0440\u043d", "first_field": "\u041a\u0440\u0438\u0432\u043e\u043b\u0438\u043d\u0435\u0439\u043d\u044b\u0439 \u0443\u0447\u0430\u0441\u0442\u043e\u043a", "name": "", "second_field": "\u043c.\u043f\u043e\u0433"}, "model": "prices.secondpricetable", "pk": 2}, {"fields": {"third_field": "\u043e\u0442 80 \u0434\u043e 100 \u0433\u0440\u043d (\u0437\u0430\u0432\u0438\u0441\u0438\u0442 \u043e\u0442 \u0441\u0432\u0435\u0442\u0438\u043b\u044c\u043d\u0438\u043a\u0430)", "first_field": "\u0423\u0441\u0442\u0430\u043d\u043e\u0432\u043a\u0430 \u0442\u043e\u0447\u0435\u0447\u043d\u043e\u0433\u043e \u0441\u0432\u0435\u0442\u0438\u043b\u044c\u043d\u0438\u043a\u0430", "name": "", "second_field": "\u0448\u0442."}, "model": "prices.secondpricetable", "pk": 3}, {"fields": {"third_field": "80 \u0433\u0440\u043d", "first_field": "\u0423\u0441\u0442\u0430\u043d\u043e\u0432\u043a\u0430 \u043b\u044e\u0441\u0442\u0440\u044b", "name": "", "second_field": "\u0448\u0442."}, "model": "prices.secondpricetable", "pk": 4}, {"fields": {"third_field": "\u043e\u0442 80 \u0434\u043e 100 \u0433\u0440\u043d (\u0437\u0430\u0432\u0438\u0441\u0438\u0442 \u043e\u0442 \u0448\u0438\u0440\u0438\u043d\u044b \u0442\u0440\u0443\u0431\u044b)", "first_field": "\u041e\u0431\u0445\u043e\u0434 \u0442\u0440\u0443\u0431\u044b", "name": "", "second_field": "\u0448\u0442."}, "model": "prices.secondpricetable", "pk": 5}, {"fields": {"third_field": "50 \u0433\u0440\u043d", "first_field": "\u041e\u0431\u0440\u0430\u0431\u043e\u0442\u043a\u0430 \u0443\u0433\u043b\u0430", "name": "", "second_field": "\u0448\u0442"}, "model": "prices.secondpricetable", "pk": 6}, {"fields": {"third_field": "\u043e\u0442 35 \u0434\u043e 55 \u0433\u0440\u043d (\u0437\u0430\u0432\u0438\u0441\u0438\u0442 \u043e\u0442 \u0446\u0432\u0435\u0442\u0430)", "first_field": "\u0412\u0441\u0442\u0430\u0432\u043a\u0430/\u043a\u0430\u043d\u0442 + \u043c\u043e\u043d\u0442\u0430\u0436", "name": "", "second_field": "\u043c.\u043f\u043e\u0433"}, "model": "prices.secondpricetable", "pk": 7}, {"fields": {"third_field": "\u0434\u043e\u0433\u043e\u0432\u043e\u0440\u043d\u0430\u044f", "first_field": "\u041c\u043e\u043d\u0442\u0430\u0436 \u044d\u043b\u0435\u043a\u0442\u0440\u043e\u043f\u0440\u043e\u0432\u043e\u0434\u043a\u0438", "name": "", "second_field": "\u043c.\u043f\u043e\u0433"}, "model": "prices.secondpricetable", "pk": 8}, {"fields": {"content": "\u0420\u0430\u0441\u0441\u0447\u0438\u0442\u0430\u0442\u044c \u0441\u0442\u043e\u0438\u043c\u043e\u0441\u0442\u044c \u043d\u0430\u0442\u044f\u0436\u043d\u043e\u0433\u043e \u043f\u043e\u0442\u043e\u043b\u043a\u0430 \u043c\u043e\u0436\u043d\u043e \u0443\u0436\u0435 \u0441\u0435\u0439\u0447\u0430\u0441!\r\n", "phone": "(063) 291-41-67", "order": "1", "name": "\u041a\u0410\u041b\u042c\u041a\u0423\u041b\u042f\u0422\u041e\u0420", "title": "\u041a\u0430\u043b\u044c\u043a\u0443\u043b\u044f\u0442\u043e\u0440"}, "model": "calculator.calculator", "pk": 3}, {"fields": {"content": " \u041d\u043e \u043f\u043e\u043c\u043d\u0438\u0442\u0435, \u0447\u0442\u043e \u044d\u0442\u043e\u0442 \u043f\u0440\u043e\u0441\u0447\u0435\u0442 \u0431\u0443\u0434\u0435\u0442 \u043f\u0440\u0435\u0434\u0432\u0430\u0440\u0438\u0442\u0435\u043b\u0435\u043d. \u0422.\u043a. \u043a\u0430\u0436\u0434\u044b\u0439 \u043f\u043e\u0442\u043e\u043b\u043e\u043a \u0438\u043d\u0434\u0438\u0432\u0438\u0434\u0443\u0430\u043b\u0435\u043d \u0438 \u0437\u0430\u0432\u0438\u0441\u0438\u0442 \u043e\u0442 \u043c\u043d\u043e\u0433\u0438\u0445 \u0444\u0430\u043a\u0442\u043e\u0440\u043e\u0432 - \u0440\u0430\u0437\u043c\u0435\u0440\u043e\u0432 \u043f\u043e\u043c\u0435\u0449\u0435\u043d\u0438\u044f, \u0432\u044b\u0431\u0440\u0430\u043d\u043d\u044b\u0445 \u043c\u0430\u0442\u0435\u0440\u0438\u0430\u043b\u043e\u0432, \u0433\u0435\u043e\u043c\u0435\u0442\u0440\u0438\u0438 \u043f\u043e\u0442\u043e\u043b\u043a\u0430, \u043e\u0441\u0432\u0435\u0442\u0438\u0442\u0435\u043b\u044c\u043d\u044b\u0445 \u043f\u0440\u0438\u0431\u043e\u0440\u043e\u0432 \u0438 \u0442.\u0434. \u041f\u043e\u044d\u0442\u043e\u043c\u0443 \u0431\u043e\u043b\u0435\u0435 \u0442\u043e\u0447\u043d\u0430\u044f \u0441\u0442\u043e\u0438\u043c\u043e\u0441\u0442\u044c \u043d\u0430\u0442\u044f\u0436\u043d\u043e\u0433\u043e \u043f\u043e\u0442\u043e\u043b\u043a\u0430 \u043c\u043e\u0436\u0435\u0442 \u0431\u044b\u0442\u044c \u043e\u043f\u0440\u0435\u0434\u0435\u043b\u0435\u043d\u0430 \u0442\u043e\u043b\u044c\u043a\u043e \u0442\u0435\u0445\u043d\u043e\u043b\u043e\u0433\u043e\u043c \u043f\u043e\u0441\u043b\u0435 \u043e\u0441\u043c\u043e\u0442\u0440\u0430 \u0438 \u0437\u0430\u043c\u0435\u0440\u0430 \u043f\u043e\u043c\u0435\u0449\u0435\u043d\u0438\u044f.", "phone": "", "order": "2", "name": "", "title": ""}, "model": "calculator.calculator", "pk": 4}, {"fields": {"content": "  \u0412 \u0437\u0430\u0432\u0438\u0441\u0438\u043c\u043e\u0441\u0442\u0438 \u043e\u0442 \u043e\u0431\u044a\u0435\u043c\u0430 \u0437\u0430\u043a\u0430\u0437\u0430 \u043f\u0440\u0435\u0434\u0443\u0441\u043c\u043e\u0442\u0440\u0435\u043d\u044b \u0434\u043e\u043f\u043e\u043b\u043d\u0438\u0442\u0435\u043b\u044c\u043d\u044b\u0435 \u0441\u043a\u0438\u0434\u043a\u0438 \u043d\u0430 \u043c\u0430\u0442\u0435\u0440\u0438\u0430\u043b.", "phone": "", "order": "3", "name": "", "title": ""}, "model": "calculator.calculator", "pk": 5}, {"fields": {"content": "\u0414\u043b\u044f \u0442\u043e\u0433\u043e \u0447\u0442\u043e \u0431\u044b \u0443\u0437\u043d\u0430\u0442\u044c \u043f\u0440\u0435\u0434\u0432\u0430\u0440\u0438\u0442\u0435\u043b\u044c\u043d\u0443\u044e \u0441\u0442\u043e\u0438\u043c\u043e\u0441\u0442\u044c \u043d\u0430\u0442\u044f\u0436\u043d\u043e\u0433\u043e \u043f\u043e\u0442\u043e\u043b\u043a\u0430  \u043d\u0443\u0436\u043d\u043e \u0437\u0430\u043f\u043e\u043b\u043d\u0438\u0442\u044c \u043a\u043e\u0440\u043e\u0442\u043a\u0443\u044e \u0444\u043e\u0440\u043c\u0443 \u043d\u0438\u0436\u0435 \u0438 \u043d\u0430\u0436\u0430\u0442\u044c \u043a\u043d\u043e\u043f\u043a\u0443 \u00ab\u0420\u0430\u0441\u0441\u0447\u0438\u0442\u0430\u0442\u044c\u00bb.", "phone": "", "order": "4", "name": "", "title": ""}, "model": "calculator.calculator", "pk": 6}, {"fields": {"codename": "add_logentry", "name": "Can add log entry", "content_type": 1}, "model": "auth.permission", "pk": 1}, {"fields": {"codename": "change_logentry", "name": "Can change log entry", "content_type": 1}, "model": "auth.permission", "pk": 2}, {"fields": {"codename": "delete_logentry", "name": "Can delete log entry", "content_type": 1}, "model": "auth.permission", "pk": 3}, {"fields": {"codename": "add_permission", "name": "Can add permission", "content_type": 2}, "model": "auth.permission", "pk": 4}, {"fields": {"codename": "change_permission", "name": "Can change permission", "content_type": 2}, "model": "auth.permission", "pk": 5}, {"fields": {"codename": "delete_permission", "name": "Can delete permission", "content_type": 2}, "model": "auth.permission", "pk": 6}, {"fields": {"codename": "add_group", "name": "Can add group", "content_type": 3}, "model": "auth.permission", "pk": 7}, {"fields": {"codename": "change_group", "name": "Can change group", "content_type": 3}, "model": "auth.permission", "pk": 8}, {"fields": {"codename": "delete_group", "name": "Can delete group", "content_type": 3}, "model": "auth.permission", "pk": 9}, {"fields": {"codename": "add_user", "name": "Can add user", "content_type": 4}, "model": "auth.permission", "pk": 10}, {"fields": {"codename": "change_user", "name": "Can change user", "content_type": 4}, "model": "auth.permission", "pk": 11}, {"fields": {"codename": "delete_user", "name": "Can delete user", "content_type": 4}, "model": "auth.permission", "pk": 12}, {"fields": {"codename": "add_contenttype", "name": "Can add content type", "content_type": 5}, "model": "auth.permission", "pk": 13}, {"fields": {"codename": "change_contenttype", "name": "Can change content type", "content_type": 5}, "model": "auth.permission", "pk": 14}, {"fields": {"codename": "delete_contenttype", "name": "Can delete content type", "content_type": 5}, "model": "auth.permission", "pk": 15}, {"fields": {"codename": "add_session", "name": "Can add session", "content_type": 6}, "model": "auth.permission", "pk": 16}, {"fields": {"codename": "change_session", "name": "Can change session", "content_type": 6}, "model": "auth.permission", "pk": 17}, {"fields": {"codename": "delete_session", "name": "Can delete session", "content_type": 6}, "model": "auth.permission", "pk": 18}, {"fields": {"codename": "add_ceiling", "name": "Can add ceiling", "content_type": 7}, "model": "auth.permission", "pk": 19}, {"fields": {"codename": "change_ceiling", "name": "Can change ceiling", "content_type": 7}, "model": "auth.permission", "pk": 20}, {"fields": {"codename": "delete_ceiling", "name": "Can delete ceiling", "content_type": 7}, "model": "auth.permission", "pk": 21}, {"fields": {"codename": "add_detalnoeopisanie", "name": "Can add detalnoe opisanie", "content_type": 8}, "model": "auth.permission", "pk": 22}, {"fields": {"codename": "change_detalnoeopisanie", "name": "Can change detalnoe opisanie", "content_type": 8}, "model": "auth.permission", "pk": 23}, {"fields": {"codename": "delete_detalnoeopisanie", "name": "Can delete detalnoe opisanie", "content_type": 8}, "model": "auth.permission", "pk": 24}, {"fields": {"codename": "add_gallery", "name": "Can add gallery", "content_type": 9}, "model": "auth.permission", "pk": 25}, {"fields": {"codename": "change_gallery", "name": "Can change gallery", "content_type": 9}, "model": "auth.permission", "pk": 26}, {"fields": {"codename": "delete_gallery", "name": "Can delete gallery", "content_type": 9}, "model": "auth.permission", "pk": 27}, {"fields": {"codename": "add_picture", "name": "Can add picture", "content_type": 10}, "model": "auth.permission", "pk": 28}, {"fields": {"codename": "change_picture", "name": "Can change picture", "content_type": 10}, "model": "auth.permission", "pk": 29}, {"fields": {"codename": "delete_picture", "name": "Can delete picture", "content_type": 10}, "model": "auth.permission", "pk": 30}, {"fields": {"codename": "add_home", "name": "Can add home", "content_type": 11}, "model": "auth.permission", "pk": 31}, {"fields": {"codename": "change_home", "name": "Can change home", "content_type": 11}, "model": "auth.permission", "pk": 32}, {"fields": {"codename": "delete_home", "name": "Can delete home", "content_type": 11}, "model": "auth.permission", "pk": 33}, {"fields": {"codename": "add_slider", "name": "Can add slider", "content_type": 12}, "model": "auth.permission", "pk": 34}, {"fields": {"codename": "change_slider", "name": "Can change slider", "content_type": 12}, "model": "auth.permission", "pk": 35}, {"fields": {"codename": "delete_slider", "name": "Can delete slider", "content_type": 12}, "model": "auth.permission", "pk": 36}, {"fields": {"codename": "add_feedback", "name": "Can add feedback", "content_type": 13}, "model": "auth.permission", "pk": 37}, {"fields": {"codename": "change_feedback", "name": "Can change feedback", "content_type": 13}, "model": "auth.permission", "pk": 38}, {"fields": {"codename": "delete_feedback", "name": "Can delete feedback", "content_type": 13}, "model": "auth.permission", "pk": 39}, {"fields": {"codename": "add_pricetable", "name": "Can add price table", "content_type": 17}, "model": "auth.permission", "pk": 49}, {"fields": {"codename": "change_pricetable", "name": "Can change price table", "content_type": 17}, "model": "auth.permission", "pk": 50}, {"fields": {"codename": "delete_pricetable", "name": "Can delete price table", "content_type": 17}, "model": "auth.permission", "pk": 51}, {"fields": {"codename": "add_secondpricetable", "name": "Can add second price table", "content_type": 18}, "model": "auth.permission", "pk": 52}, {"fields": {"codename": "change_secondpricetable", "name": "Can change second price table", "content_type": 18}, "model": "auth.permission", "pk": 53}, {"fields": {"codename": "delete_secondpricetable", "name": "Can delete second price table", "content_type": 18}, "model": "auth.permission", "pk": 54}, {"fields": {"codename": "add_calculator", "name": "Can add calculator", "content_type": 19}, "model": "auth.permission", "pk": 55}, {"fields": {"codename": "change_calculator", "name": "Can change calculator", "content_type": 19}, "model": "auth.permission", "pk": 56}, {"fields": {"codename": "delete_calculator", "name": "Can delete calculator", "content_type": 19}, "model": "auth.permission", "pk": 57}, {"fields": {"username": "potolki", "first_name": "", "last_name": "", "is_active": true, "is_superuser": true, "is_staff": true, "last_login": "2016-01-26T11:23:12.478Z", "groups": [], "user_permissions": [], "password": "pbkdf2_sha256$15000$muFaghVZKCxe$YO3+/GQdtcL/Vp1UUHN5JiSuA5RtDxY+mpnIZfZh1f0=", "email": "sergey.pogorelov.1989@mail.ru", "date_joined": "2016-01-12T09:00:44.844Z"}, "model": "auth.user", "pk": 1}, {"fields": {"action_flag": 1, "action_time": "2016-01-19T09:19:55.309Z", "object_repr": "\u041f\u041b\u042e\u0421\u042b \u0418 \u041c\u0418\u041d\u0423\u0421\u042b \u041f\u041e\u0422\u041e\u041b\u041a\u041e\u0412", "object_id": "1", "change_message": "", "user": 1, "content_type": 7}, "model": "admin.logentry", "pk": 1}, {"fields": {"action_flag": 2, "action_time": "2016-01-19T09:59:26.016Z", "object_repr": "\u041f\u041b\u042e\u0421\u042b \u0418 \u041c\u0418\u041d\u0423\u0421\u042b \u041f\u041e\u0422\u041e\u041b\u041a\u041e\u0412", "object_id": "1", "change_message": "No fields changed.", "user": 1, "content_type": 7}, "model": "admin.logentry", "pk": 2}, {"fields": {"action_flag": 2, "action_time": "2016-01-19T10:02:17.614Z", "object_repr": "\u041f\u041b\u042e\u0421\u042b \u0418 \u041c\u0418\u041d\u0423\u0421\u042b \u041f\u041e\u0422\u041e\u041b\u041a\u041e\u0412", "object_id": "1", "change_message": "Changed title.", "user": 1, "content_type": 7}, "model": "admin.logentry", "pk": 3}, {"fields": {"action_flag": 2, "action_time": "2016-01-19T11:14:22.304Z", "object_repr": "\u0427\u0410\u0421\u0422\u041e \u0417\u0410\u0414\u0410\u0412\u0410\u0415\u041c\u042b\u0415 \u0412\u041e\u041f\u0420\u041e\u0421\u042b", "object_id": "1", "change_message": "Changed name and title. Added detalnoe opisanie \"DetalnoeOpisanie object\".", "user": 1, "content_type": 7}, "model": "admin.logentry", "pk": 4}, {"fields": {"action_flag": 2, "action_time": "2016-01-19T11:17:06.976Z", "object_repr": "\u0427\u0410\u0421\u0422\u041e \u0417\u0410\u0414\u0410\u0412\u0410\u0415\u041c\u042b\u0415 \u0412\u041e\u041f\u0420\u041e\u0421\u042b", "object_id": "1", "change_message": "Added detalnoe opisanie \"DetalnoeOpisanie object\".", "user": 1, "content_type": 7}, "model": "admin.logentry", "pk": 5}, {"fields": {"action_flag": 2, "action_time": "2016-01-19T11:17:53.109Z", "object_repr": "\u0427\u0410\u0421\u0422\u041e \u0417\u0410\u0414\u0410\u0412\u0410\u0415\u041c\u042b\u0415 \u0412\u041e\u041f\u0420\u041e\u0421\u042b", "object_id": "1", "change_message": "Added detalnoe opisanie \"DetalnoeOpisanie object\".", "user": 1, "content_type": 7}, "model": "admin.logentry", "pk": 6}, {"fields": {"action_flag": 2, "action_time": "2016-01-19T11:18:27.809Z", "object_repr": "\u0427\u0410\u0421\u0422\u041e \u0417\u0410\u0414\u0410\u0412\u0410\u0415\u041c\u042b\u0415 \u0412\u041e\u041f\u0420\u041e\u0421\u042b", "object_id": "1", "change_message": "Added detalnoe opisanie \"DetalnoeOpisanie object\".", "user": 1, "content_type": 7}, "model": "admin.logentry", "pk": 7}, {"fields": {"action_flag": 2, "action_time": "2016-01-19T11:19:47.240Z", "object_repr": "\u0427\u0410\u0421\u0422\u041e \u0417\u0410\u0414\u0410\u0412\u0410\u0415\u041c\u042b\u0415 \u0412\u041e\u041f\u0420\u041e\u0421\u042b", "object_id": "1", "change_message": "Added detalnoe opisanie \"DetalnoeOpisanie object\".", "user": 1, "content_type": 7}, "model": "admin.logentry", "pk": 8}, {"fields": {"action_flag": 2, "action_time": "2016-01-19T11:20:34.125Z", "object_repr": "\u0427\u0410\u0421\u0422\u041e \u0417\u0410\u0414\u0410\u0412\u0410\u0415\u041c\u042b\u0415 \u0412\u041e\u041f\u0420\u041e\u0421\u042b", "object_id": "1", "change_message": "Added detalnoe opisanie \"DetalnoeOpisanie object\".", "user": 1, "content_type": 7}, "model": "admin.logentry", "pk": 9}, {"fields": {"action_flag": 2, "action_time": "2016-01-19T11:21:40.712Z", "object_repr": "\u0427\u0410\u0421\u0422\u041e \u0417\u0410\u0414\u0410\u0412\u0410\u0415\u041c\u042b\u0415 \u0412\u041e\u041f\u0420\u041e\u0421\u042b", "object_id": "1", "change_message": "Changed description for detalnoe opisanie \"DetalnoeOpisanie object\".", "user": 1, "content_type": 7}, "model": "admin.logentry", "pk": 10}, {"fields": {"action_flag": 2, "action_time": "2016-01-19T11:22:47.203Z", "object_repr": "\u0427\u0410\u0421\u0422\u041e \u0417\u0410\u0414\u0410\u0412\u0410\u0415\u041c\u042b\u0415 \u0412\u041e\u041f\u0420\u041e\u0421\u042b", "object_id": "1", "change_message": "Added detalnoe opisanie \"DetalnoeOpisanie object\". Added detalnoe opisanie \"DetalnoeOpisanie object\". Added detalnoe opisanie \"DetalnoeOpisanie object\".", "user": 1, "content_type": 7}, "model": "admin.logentry", "pk": 11}, {"fields": {"action_flag": 2, "action_time": "2016-01-19T11:24:34.386Z", "object_repr": "\u0427\u0410\u0421\u0422\u041e \u0417\u0410\u0414\u0410\u0412\u0410\u0415\u041c\u042b\u0415 \u0412\u041e\u041f\u0420\u041e\u0421\u042b", "object_id": "1", "change_message": "Deleted detalnoe opisanie \"DetalnoeOpisanie object\".", "user": 1, "content_type": 7}, "model": "admin.logentry", "pk": 12}, {"fields": {"action_flag": 1, "action_time": "2016-01-19T11:28:35.380Z", "object_repr": "\u041f\u0420\u0415\u0418\u041c\u0423\u0429\u0415\u0421\u0422\u0412\u0410 \u041d\u0410\u0422\u042f\u0416\u041d\u042b\u0425 \u041f\u041e\u0422\u041e\u041b\u041a\u041e\u0412", "object_id": "2", "change_message": "", "user": 1, "content_type": 7}, "model": "admin.logentry", "pk": 13}, {"fields": {"action_flag": 2, "action_time": "2016-01-19T11:30:10.474Z", "object_repr": "\u041f\u0420\u0415\u0418\u041c\u0423\u0429\u0415\u0421\u0422\u0412\u0410 \u041d\u0410\u0422\u042f\u0416\u041d\u042b\u0425 \u041f\u041e\u0422\u041e\u041b\u041a\u041e\u0412", "object_id": "2", "change_message": "Added detalnoe opisanie \"DetalnoeOpisanie object\".", "user": 1, "content_type": 7}, "model": "admin.logentry", "pk": 14}, {"fields": {"action_flag": 2, "action_time": "2016-01-19T11:42:55.211Z", "object_repr": "\u0412\u041e\u041f\u0420\u041e\u0421\u042b!", "object_id": "1", "change_message": "Changed name.", "user": 1, "content_type": 7}, "model": "admin.logentry", "pk": 15}, {"fields": {"action_flag": 2, "action_time": "2016-01-19T11:44:17.735Z", "object_repr": "\u0427\u0430\u0441\u0442\u043e \u0437\u0430\u0434\u0430\u0432\u0430\u0435\u043c\u044b\u0435 \u0432\u043e\u0440\u043e\u0441\u044b", "object_id": "1", "change_message": "Changed name.", "user": 1, "content_type": 7}, "model": "admin.logentry", "pk": 16}, {"fields": {"action_flag": 2, "action_time": "2016-01-19T11:45:02.174Z", "object_repr": "\u041f\u0440\u0435\u0438\u043c\u0443\u0449\u0435\u0441\u0442\u0432\u0430 \u043d\u0430\u0442\u044f\u0436\u043d\u044b\u0445 \u043f\u043e\u0442\u043e\u043b\u043a\u043e\u0432", "object_id": "2", "change_message": "Changed name.", "user": 1, "content_type": 7}, "model": "admin.logentry", "pk": 17}, {"fields": {"action_flag": 2, "action_time": "2016-01-19T12:00:19.101Z", "object_repr": "\u041f\u0420\u0415\u0418\u041c\u0423\u0429\u0415\u0421\u0422\u0412\u0410 \u041d\u0410\u0422\u042f\u0416\u041d\u042b\u0425 \u041f\u041e\u0422\u041e\u041b\u041a\u041e\u0412", "object_id": "2", "change_message": "Changed name.", "user": 1, "content_type": 7}, "model": "admin.logentry", "pk": 18}, {"fields": {"action_flag": 2, "action_time": "2016-01-19T12:00:35.050Z", "object_repr": "\u0427\u0410\u0421\u0422\u041e \u0417\u0410\u0414\u0410\u0412\u0410\u0415\u041c\u042b\u0415 \u0412\u041e\u041f\u0420\u041e\u0421\u042b", "object_id": "1", "change_message": "Changed name.", "user": 1, "content_type": 7}, "model": "admin.logentry", "pk": 19}, {"fields": {"action_flag": 2, "action_time": "2016-01-19T12:07:47.216Z", "object_repr": "\u041f\u0420\u0415\u0418\u041c\u0423\u0429\u0415\u0421\u0422\u0412\u0410 \u041d\u0410\u0422\u042f\u0416\u041d\u042b\u0425 \u041f\u041e\u0422\u041e\u041b\u041a\u041e\u0412", "object_id": "2", "change_message": "Added detalnoe opisanie \"DetalnoeOpisanie object\". Added detalnoe opisanie \"DetalnoeOpisanie object\". Added detalnoe opisanie \"DetalnoeOpisanie object\". Added detalnoe opisanie \"DetalnoeOpisanie object\". Added detalnoe opisanie \"DetalnoeOpisanie object\". Added detalnoe opisanie \"DetalnoeOpisanie object\". Added detalnoe opisanie \"DetalnoeOpisanie object\". Added detalnoe opisanie \"DetalnoeOpisanie object\". Added detalnoe opisanie \"DetalnoeOpisanie object\". Added detalnoe opisanie \"DetalnoeOpisanie object\".", "user": 1, "content_type": 7}, "model": "admin.logentry", "pk": 20}, {"fields": {"action_flag": 2, "action_time": "2016-01-19T12:12:02.588Z", "object_repr": "\u041f\u0420\u0415\u0418\u041c\u0423\u0429\u0415\u0421\u0422\u0412\u0410 \u041d\u0410\u0422\u042f\u0416\u041d\u042b\u0425 \u041f\u041e\u0422\u041e\u041b\u041a\u041e\u0412", "object_id": "2", "change_message": "No fields changed.", "user": 1, "content_type": 7}, "model": "admin.logentry", "pk": 21}, {"fields": {"action_flag": 1, "action_time": "2016-01-19T12:13:41.675Z", "object_repr": "\u0423\u0421\u0422\u0410\u041d\u041e\u0412\u041a\u0410 \u041d\u0410\u0422\u042f\u0416\u041d\u042b\u0425 \u041f\u041e\u0422\u041e\u041b\u041a\u041e\u0412", "object_id": "3", "change_message": "", "user": 1, "content_type": 7}, "model": "admin.logentry", "pk": 22}, {"fields": {"action_flag": 2, "action_time": "2016-01-19T12:15:45.417Z", "object_repr": "\u0423\u0421\u0422\u0410\u041d\u041e\u0412\u041a\u0410 \u041d\u0410\u0422\u042f\u0416\u041d\u042b\u0425 \u041f\u041e\u0422\u041e\u041b\u041a\u041e\u0412", "object_id": "3", "change_message": "Added detalnoe opisanie \"DetalnoeOpisanie object\". Added detalnoe opisanie \"DetalnoeOpisanie object\". Added detalnoe opisanie \"DetalnoeOpisanie object\". Added detalnoe opisanie \"DetalnoeOpisanie object\". Added detalnoe opisanie \"DetalnoeOpisanie object\". Added detalnoe opisanie \"DetalnoeOpisanie object\".", "user": 1, "content_type": 7}, "model": "admin.logentry", "pk": 23}, {"fields": {"action_flag": 2, "action_time": "2016-01-19T12:17:44.761Z", "object_repr": "\u0423\u0421\u0422\u0410\u041d\u041e\u0412\u041a\u0410 \u041d\u0410\u0422\u042f\u0416\u041d\u042b\u0425 \u041f\u041e\u0422\u041e\u041b\u041a\u041e\u0412", "object_id": "3", "change_message": "Added detalnoe opisanie \"DetalnoeOpisanie object\". Added detalnoe opisanie \"DetalnoeOpisanie object\". Changed description for detalnoe opisanie \"DetalnoeOpisanie object\". Changed short_description for detalnoe opisanie \"DetalnoeOpisanie object\". Changed short_description and description for detalnoe opisanie \"DetalnoeOpisanie object\". Changed short_description and description for detalnoe opisanie \"DetalnoeOpisanie object\".", "user": 1, "content_type": 7}, "model": "admin.logentry", "pk": 24}, {"fields": {"action_flag": 2, "action_time": "2016-01-19T13:43:24.587Z", "object_repr": "\u0423\u0421\u0422\u0410\u041d\u041e\u0412\u041a\u0410 \u041d\u0410\u0422\u042f\u0416\u041d\u042b\u0425 \u041f\u041e\u0422\u041e\u041b\u041a\u041e\u0412", "object_id": "3", "change_message": "No fields changed.", "user": 1, "content_type": 7}, "model": "admin.logentry", "pk": 25}, {"fields": {"action_flag": 2, "action_time": "2016-01-19T13:44:52.279Z", "object_repr": "\u0423\u0421\u0422\u0410\u041d\u041e\u0412\u041a\u0410 \u041d\u0410\u0422\u042f\u0416\u041d\u042b\u0425 \u041f\u041e\u0422\u041e\u041b\u041a\u041e\u0412", "object_id": "3", "change_message": "No fields changed.", "user": 1, "content_type": 7}, "model": "admin.logentry", "pk": 26}, {"fields": {"action_flag": 1, "action_time": "2016-01-19T16:11:33.259Z", "object_repr": "\u041f\u0435\u0440\u0432\u0430 \u043a\u0430\u0440\u0442\u0438\u043d\u043a\u0430", "object_id": "4", "change_message": "", "user": 1, "content_type": 7}, "model": "admin.logentry", "pk": 27}, {"fields": {"action_flag": 2, "action_time": "2016-01-19T16:16:36.934Z", "object_repr": "\u041f\u0435\u0440\u0432\u0430 \u043a\u0430\u0440\u0442\u0438\u043d\u043a\u0430", "object_id": "4", "change_message": "Deleted detalnoe opisanie \"\".", "user": 1, "content_type": 7}, "model": "admin.logentry", "pk": 28}, {"fields": {"action_flag": 2, "action_time": "2016-01-19T16:16:49.726Z", "object_repr": "\u041f\u0435\u0440\u0432\u0430 \u043a\u0430\u0440\u0442\u0438\u043d\u043a\u0430", "object_id": "4", "change_message": "Added detalnoe opisanie \"\".", "user": 1, "content_type": 7}, "model": "admin.logentry", "pk": 29}, {"fields": {"action_flag": 2, "action_time": "2016-01-19T16:33:54.183Z", "object_repr": "\u041f\u0435\u0440\u0432\u0430 \u043a\u0430\u0440\u0442\u0438\u043d\u043a\u0430", "object_id": "4", "change_message": "Deleted detalnoe opisanie \"\".", "user": 1, "content_type": 7}, "model": "admin.logentry", "pk": 30}, {"fields": {"action_flag": 2, "action_time": "2016-01-19T16:38:41.551Z", "object_repr": "\u041f\u0435\u0440\u0432\u0430 \u043a\u0430\u0440\u0442\u0438\u043d\u043a\u0430", "object_id": "4", "change_message": "Added detalnoe opisanie \"\".", "user": 1, "content_type": 7}, "model": "admin.logentry", "pk": 31}, {"fields": {"action_flag": 2, "action_time": "2016-01-19T16:53:42.753Z", "object_repr": "\u041f\u0435\u0440\u0432\u0430 \u043a\u0430\u0440\u0442\u0438\u043d\u043a\u0430", "object_id": "4", "change_message": "Changed image for detalnoe opisanie \"\".", "user": 1, "content_type": 7}, "model": "admin.logentry", "pk": 32}, {"fields": {"action_flag": 2, "action_time": "2016-01-19T17:04:45.372Z", "object_repr": "\u041f\u0435\u0440\u0432\u0430 \u043a\u0430\u0440\u0442\u0438\u043d\u043a\u0430", "object_id": "4", "change_message": "Changed image for detalnoe opisanie \"\".", "user": 1, "content_type": 7}, "model": "admin.logentry", "pk": 33}, {"fields": {"action_flag": 2, "action_time": "2016-01-19T17:05:00.427Z", "object_repr": "\u041f\u0435\u0440\u0432\u0430 \u043a\u0430\u0440\u0442\u0438\u043d\u043a\u0430", "object_id": "4", "change_message": "Changed image for detalnoe opisanie \"\".", "user": 1, "content_type": 7}, "model": "admin.logentry", "pk": 34}, {"fields": {"action_flag": 2, "action_time": "2016-01-20T09:26:50.984Z", "object_repr": "\u0426\u0412\u0415\u0422\u041e\u0412\u0410\u042f \u0413\u0410\u041c\u041c\u0410", "object_id": "4", "change_message": "Changed name.", "user": 1, "content_type": 7}, "model": "admin.logentry", "pk": 35}, {"fields": {"action_flag": 2, "action_time": "2016-01-20T10:23:56.906Z", "object_repr": "\u0426\u0412\u0415\u0422\u041e\u0412\u0410\u042f \u0413\u0410\u041c\u041c\u0410", "object_id": "4", "change_message": "Deleted detalnoe opisanie \"\u0426\u0412\u0415\u0422\u041e\u0412\u0410\u042f \u0413\u0410\u041c\u041c\u0410 \u041f\u041b\u0415\u041d\u041e\u041a\".", "user": 1, "content_type": 7}, "model": "admin.logentry", "pk": 36}, {"fields": {"action_flag": 2, "action_time": "2016-01-20T10:25:15.881Z", "object_repr": "\u0426\u0412\u0415\u0422\u041e\u0412\u0410\u042f \u0413\u0410\u041c\u041c\u0410", "object_id": "4", "change_message": "Added detalnoe opisanie \"\u0426\u0412\u0415\u0422\u041e\u0412\u0410\u042f \u0413\u0410\u041c\u041c\u0410 \u041f\u041b\u0415\u041d\u041e\u041a\". Added detalnoe opisanie \"\". Added detalnoe opisanie \"\". Added detalnoe opisanie \"\". Added detalnoe opisanie \"\". Added detalnoe opisanie \"\". Added detalnoe opisanie \"\".", "user": 1, "content_type": 7}, "model": "admin.logentry", "pk": 37}, {"fields": {"action_flag": 2, "action_time": "2016-01-20T10:27:22.067Z", "object_repr": "\u0426\u0412\u0415\u0422\u041e\u0412\u0410\u042f \u0413\u0410\u041c\u041c\u0410", "object_id": "4", "change_message": "Added detalnoe opisanie \"\". Added detalnoe opisanie \"\". Added detalnoe opisanie \"\". Added detalnoe opisanie \"\". Added detalnoe opisanie \"\". Added detalnoe opisanie \"\". Changed image for detalnoe opisanie \"\".", "user": 1, "content_type": 7}, "model": "admin.logentry", "pk": 38}, {"fields": {"action_flag": 2, "action_time": "2016-01-20T10:31:31.254Z", "object_repr": "\u0426\u0412\u0415\u0422\u041e\u0412\u0410\u042f \u0413\u0410\u041c\u041c\u0410", "object_id": "4", "change_message": "Changed title.", "user": 1, "content_type": 7}, "model": "admin.logentry", "pk": 39}, {"fields": {"action_flag": 1, "action_time": "2016-01-20T13:03:38.819Z", "object_repr": "\u0412 \u0413\u041e\u0421\u0422\u0418\u041d\u041d\u0423\u042e", "object_id": "1", "change_message": "", "user": 1, "content_type": 9}, "model": "admin.logentry", "pk": 40}, {"fields": {"action_flag": 2, "action_time": "2016-01-20T13:07:04.047Z", "object_repr": "\u0412 \u0413\u041e\u0421\u0422\u0418\u041d\u041d\u0423\u042e", "object_id": "1", "change_message": "Changed image.", "user": 1, "content_type": 9}, "model": "admin.logentry", "pk": 41}, {"fields": {"action_flag": 2, "action_time": "2016-01-20T13:29:41.374Z", "object_repr": "\u0412 \u0413\u041e\u0421\u0422\u0418\u041d\u041d\u0423\u042e", "object_id": "1", "change_message": "Changed order.", "user": 1, "content_type": 9}, "model": "admin.logentry", "pk": 42}, {"fields": {"action_flag": 1, "action_time": "2016-01-20T13:32:12.217Z", "object_repr": "\u0412 \u0414\u0415\u0422\u0421\u041a\u0423\u042e", "object_id": "2", "change_message": "", "user": 1, "content_type": 9}, "model": "admin.logentry", "pk": 43}, {"fields": {"action_flag": 1, "action_time": "2016-01-20T13:36:31.103Z", "object_repr": "\u041d\u0410 \u041a\u0423\u0425\u041d\u042e", "object_id": "3", "change_message": "", "user": 1, "content_type": 9}, "model": "admin.logentry", "pk": 44}, {"fields": {"action_flag": 1, "action_time": "2016-01-20T13:40:46.873Z", "object_repr": "\u0412 \u0421\u041f\u0410\u041b\u042c\u041d\u042e", "object_id": "4", "change_message": "", "user": 1, "content_type": 9}, "model": "admin.logentry", "pk": 45}, {"fields": {"action_flag": 1, "action_time": "2016-01-20T13:44:15.631Z", "object_repr": "\u0417\u0412\u0415\u0417\u0414\u041d\u041e\u0415 \u041d\u0415\u0411\u041e", "object_id": "5", "change_message": "", "user": 1, "content_type": 9}, "model": "admin.logentry", "pk": 46}, {"fields": {"action_flag": 1, "action_time": "2016-01-20T13:48:38.534Z", "object_repr": "\u0424\u041e\u0422\u041e\u041f\u0415\u0427\u0410\u0422\u042c", "object_id": "6", "change_message": "", "user": 1, "content_type": 9}, "model": "admin.logentry", "pk": 47}, {"fields": {"action_flag": 1, "action_time": "2016-01-20T13:51:42.635Z", "object_repr": "\u0423\u0421\u0422\u0410\u041d\u041e\u0412\u041a\u0410 \u041f\u041e\u0422\u041e\u041b\u041a\u041e\u0412", "object_id": "7", "change_message": "", "user": 1, "content_type": 9}, "model": "admin.logentry", "pk": 48}, {"fields": {"action_flag": 2, "action_time": "2016-01-20T15:43:35.759Z", "object_repr": "\u0412 \u0413\u041e\u0421\u0422\u0418\u041d\u041d\u0423\u042e", "object_id": "1", "change_message": "Added picture \"Picture object\".", "user": 1, "content_type": 9}, "model": "admin.logentry", "pk": 49}, {"fields": {"action_flag": 2, "action_time": "2016-01-20T15:45:04.439Z", "object_repr": "\u0412 \u0413\u041e\u0421\u0422\u0418\u041d\u041d\u0423\u042e", "object_id": "1", "change_message": "Changed image for picture \"Picture object\".", "user": 1, "content_type": 9}, "model": "admin.logentry", "pk": 50}, {"fields": {"action_flag": 2, "action_time": "2016-01-20T15:45:19.286Z", "object_repr": "\u0412 \u0413\u041e\u0421\u0422\u0418\u041d\u041d\u0423\u042e", "object_id": "1", "change_message": "Changed image for picture \"Picture object\".", "user": 1, "content_type": 9}, "model": "admin.logentry", "pk": 51}, {"fields": {"action_flag": 2, "action_time": "2016-01-20T16:16:35.178Z", "object_repr": "\u0412 \u0413\u041e\u0421\u0422\u0418\u041d\u041d\u0423\u042e", "object_id": "1", "change_message": "Added picture \"Picture object\". Added picture \"Picture object\". Added picture \"Picture object\". Added picture \"Picture object\".", "user": 1, "content_type": 9}, "model": "admin.logentry", "pk": 52}, {"fields": {"action_flag": 2, "action_time": "2016-01-21T16:40:59.626Z", "object_repr": "\u0412 \u0413\u041e\u0421\u0422\u0418\u041d\u041d\u0423\u042e", "object_id": "1", "change_message": "Added picture \"Picture object\".", "user": 1, "content_type": 9}, "model": "admin.logentry", "pk": 53}, {"fields": {"action_flag": 2, "action_time": "2016-01-21T16:42:29.213Z", "object_repr": "\u0412 \u0413\u041e\u0421\u0422\u0418\u041d\u041d\u0423\u042e", "object_id": "1", "change_message": "Changed image for picture \"Picture object\".", "user": 1, "content_type": 9}, "model": "admin.logentry", "pk": 54}, {"fields": {"action_flag": 2, "action_time": "2016-01-21T16:44:18.557Z", "object_repr": "\u0412 \u0413\u041e\u0421\u0422\u0418\u041d\u041d\u0423\u042e", "object_id": "1", "change_message": "Added picture \"Picture object\".", "user": 1, "content_type": 9}, "model": "admin.logentry", "pk": 55}, {"fields": {"action_flag": 2, "action_time": "2016-01-21T19:06:53.172Z", "object_repr": "\u0412 \u0413\u041e\u0421\u0422\u0418\u041d\u041d\u0423\u042e", "object_id": "1", "change_message": "Changed image for picture \"Picture object\".", "user": 1, "content_type": 9}, "model": "admin.logentry", "pk": 56}, {"fields": {"action_flag": 2, "action_time": "2016-01-21T19:10:35.613Z", "object_repr": "\u0412 \u0413\u041e\u0421\u0422\u0418\u041d\u041d\u0423\u042e", "object_id": "1", "change_message": "Changed image for picture \"Picture object\".", "user": 1, "content_type": 9}, "model": "admin.logentry", "pk": 57}, {"fields": {"action_flag": 2, "action_time": "2016-01-21T19:11:34.057Z", "object_repr": "\u0412 \u0413\u041e\u0421\u0422\u0418\u041d\u041d\u0423\u042e", "object_id": "1", "change_message": "Changed image for picture \"Picture object\".", "user": 1, "content_type": 9}, "model": "admin.logentry", "pk": 58}, {"fields": {"action_flag": 2, "action_time": "2016-01-21T19:14:06.051Z", "object_repr": "\u0412 \u0413\u041e\u0421\u0422\u0418\u041d\u041d\u0423\u042e", "object_id": "1", "change_message": "Changed image for picture \"Picture object\".", "user": 1, "content_type": 9}, "model": "admin.logentry", "pk": 59}, {"fields": {"action_flag": 2, "action_time": "2016-01-21T19:15:40.134Z", "object_repr": "\u0412 \u0413\u041e\u0421\u0422\u0418\u041d\u041d\u0423\u042e", "object_id": "1", "change_message": "No fields changed.", "user": 1, "content_type": 9}, "model": "admin.logentry", "pk": 60}, {"fields": {"action_flag": 1, "action_time": "2016-01-26T11:39:15.350Z", "object_repr": "\u0413\u043b\u0430\u0432\u043d\u0430\u044f", "object_id": "1", "change_message": "", "user": 1, "content_type": 11}, "model": "admin.logentry", "pk": 61}, {"fields": {"action_flag": 2, "action_time": "2016-01-26T12:03:18.014Z", "object_repr": "\u0413\u043b\u0430\u0432\u043d\u0430\u044f", "object_id": "1", "change_message": "No fields changed.", "user": 1, "content_type": 11}, "model": "admin.logentry", "pk": 62}, {"fields": {"action_flag": 2, "action_time": "2016-01-26T12:25:23.926Z", "object_repr": "\u0413\u043b\u0430\u0432\u043d\u0430\u044f. sdfgdfgdfgdfgdfgdfgdfgdgcxxxxxxxxxxxxxxxxxxxxxxxxxxxxxxxxxxxxxxxxxxxxxxxxxxx", "object_id": "1", "change_message": "Changed title.", "user": 1, "content_type": 11}, "model": "admin.logentry", "pk": 63}, {"fields": {"action_flag": 2, "action_time": "2016-01-26T12:26:16.627Z", "object_repr": "\u0413\u043b\u0430\u0432\u043d\u0430\u044f", "object_id": "1", "change_message": "Changed title.", "user": 1, "content_type": 11}, "model": "admin.logentry", "pk": 64}, {"fields": {"action_flag": 3, "action_time": "2016-01-27T15:18:01.565Z", "object_repr": "sdfg", "object_id": "32", "change_message": "", "user": 1, "content_type": 13}, "model": "admin.logentry", "pk": 65}, {"fields": {"action_flag": 3, "action_time": "2016-01-27T15:18:01.701Z", "object_repr": "dfg", "object_id": "31", "change_message": "", "user": 1, "content_type": 13}, "model": "admin.logentry", "pk": 66}, {"fields": {"action_flag": 3, "action_time": "2016-01-27T15:18:01.834Z", "object_repr": "d", "object_id": "30", "change_message": "", "user": 1, "content_type": 13}, "model": "admin.logentry", "pk": 67}, {"fields": {"action_flag": 3, "action_time": "2016-01-27T15:18:01.957Z", "object_repr": "\u0421\u0435\u0440\u0433\u0435\u0439", "object_id": "29", "change_message": "", "user": 1, "content_type": 13}, "model": "admin.logentry", "pk": 68}, {"fields": {"action_flag": 3, "action_time": "2016-01-27T15:18:02.091Z", "object_repr": "cn", "object_id": "28", "change_message": "", "user": 1, "content_type": 13}, "model": "admin.logentry", "pk": 69}, {"fields": {"action_flag": 3, "action_time": "2016-01-27T15:18:02.214Z", "object_repr": "22", "object_id": "27", "change_message": "", "user": 1, "content_type": 13}, "model": "admin.logentry", "pk": 70}, {"fields": {"action_flag": 3, "action_time": "2016-01-27T15:18:02.336Z", "object_repr": "name", "object_id": "26", "change_message": "", "user": 1, "content_type": 13}, "model": "admin.logentry", "pk": 71}, {"fields": {"action_flag": 3, "action_time": "2016-01-27T15:18:02.458Z", "object_repr": "sf", "object_id": "25", "change_message": "", "user": 1, "content_type": 13}, "model": "admin.logentry", "pk": 72}, {"fields": {"action_flag": 3, "action_time": "2016-01-27T15:18:02.591Z", "object_repr": "df", "object_id": "24", "change_message": "", "user": 1, "content_type": 13}, "model": "admin.logentry", "pk": 73}, {"fields": {"action_flag": 3, "action_time": "2016-01-27T15:18:02.725Z", "object_repr": "dfg", "object_id": "23", "change_message": "", "user": 1, "content_type": 13}, "model": "admin.logentry", "pk": 74}, {"fields": {"action_flag": 3, "action_time": "2016-01-27T15:18:02.869Z", "object_repr": "dfg", "object_id": "22", "change_message": "", "user": 1, "content_type": 13}, "model": "admin.logentry", "pk": 75}, {"fields": {"action_flag": 3, "action_time": "2016-01-27T15:18:02.992Z", "object_repr": "\u0421\u0435\u0440\u0433\u0435\u0439", "object_id": "21", "change_message": "", "user": 1, "content_type": 13}, "model": "admin.logentry", "pk": 76}, {"fields": {"action_flag": 3, "action_time": "2016-01-27T15:18:03.137Z", "object_repr": "\u0421\u0435\u0440\u0433\u0435\u0439", "object_id": "20", "change_message": "", "user": 1, "content_type": 13}, "model": "admin.logentry", "pk": 77}, {"fields": {"action_flag": 3, "action_time": "2016-01-27T15:18:03.260Z", "object_repr": "Web \u0440\u0430\u0437\u0440\u0430\u0431\u043e\u0442\u043a\u0430 \u043d\u0430 Python/Django", "object_id": "19", "change_message": "", "user": 1, "content_type": 13}, "model": "admin.logentry", "pk": 78}, {"fields": {"action_flag": 3, "action_time": "2016-01-27T15:18:03.382Z", "object_repr": "\u0412\u0430\u043f", "object_id": "18", "change_message": "", "user": 1, "content_type": 13}, "model": "admin.logentry", "pk": 79}, {"fields": {"action_flag": 3, "action_time": "2016-01-27T15:18:03.516Z", "object_repr": "\u0421\u0435\u0440\u0433\u0435\u0439", "object_id": "17", "change_message": "", "user": 1, "content_type": 13}, "model": "admin.logentry", "pk": 80}, {"fields": {"action_flag": 3, "action_time": "2016-01-27T15:18:03.671Z", "object_repr": "\u0421\u0435\u0440\u0433\u0435\u0439", "object_id": "16", "change_message": "", "user": 1, "content_type": 13}, "model": "admin.logentry", "pk": 81}, {"fields": {"action_flag": 3, "action_time": "2016-01-27T15:18:03.815Z", "object_repr": "\u0421\u0435\u0440\u0433\u0435\u0439", "object_id": "15", "change_message": "", "user": 1, "content_type": 13}, "model": "admin.logentry", "pk": 82}, {"fields": {"action_flag": 3, "action_time": "2016-01-27T15:18:03.959Z", "object_repr": "\u0432\u043f\u0440\u0432", "object_id": "14", "change_message": "", "user": 1, "content_type": 13}, "model": "admin.logentry", "pk": 83}, {"fields": {"action_flag": 3, "action_time": "2016-01-27T15:18:04.093Z", "object_repr": "\u0421\u0435\u0440\u0433\u0435\u0439", "object_id": "13", "change_message": "", "user": 1, "content_type": 13}, "model": "admin.logentry", "pk": 84}, {"fields": {"action_flag": 3, "action_time": "2016-01-27T15:18:04.215Z", "object_repr": "\u0421\u0435\u0440\u0433\u0435\u0439", "object_id": "12", "change_message": "", "user": 1, "content_type": 13}, "model": "admin.logentry", "pk": 85}, {"fields": {"action_flag": 3, "action_time": "2016-01-27T15:18:04.339Z", "object_repr": "\u041a\u043e\u0441\u0442\u044f", "object_id": "11", "change_message": "", "user": 1, "content_type": 13}, "model": "admin.logentry", "pk": 86}, {"fields": {"action_flag": 3, "action_time": "2016-01-27T15:18:04.472Z", "object_repr": "\u041a\u043e\u0441\u0442\u044f", "object_id": "10", "change_message": "", "user": 1, "content_type": 13}, "model": "admin.logentry", "pk": 87}, {"fields": {"action_flag": 3, "action_time": "2016-01-27T15:18:04.605Z", "object_repr": "\u0414\u0438\u043c\u0430", "object_id": "9", "change_message": "", "user": 1, "content_type": 13}, "model": "admin.logentry", "pk": 88}, {"fields": {"action_flag": 3, "action_time": "2016-01-27T15:18:04.750Z", "object_repr": "sdf", "object_id": "8", "change_message": "", "user": 1, "content_type": 13}, "model": "admin.logentry", "pk": 89}, {"fields": {"action_flag": 3, "action_time": "2016-01-27T15:18:04.894Z", "object_repr": "\u0421\u0435\u0440\u0433\u0435\u0439", "object_id": "7", "change_message": "", "user": 1, "content_type": 13}, "model": "admin.logentry", "pk": 90}, {"fields": {"action_flag": 3, "action_time": "2016-01-27T15:18:05.038Z", "object_repr": "\u0421\u0435\u0440\u0433\u0435\u0439", "object_id": "6", "change_message": "", "user": 1, "content_type": 13}, "model": "admin.logentry", "pk": 91}, {"fields": {"action_flag": 3, "action_time": "2016-01-27T15:18:05.183Z", "object_repr": "\u0421\u0435\u0440\u0433\u0435\u0439", "object_id": "5", "change_message": "", "user": 1, "content_type": 13}, "model": "admin.logentry", "pk": 92}, {"fields": {"action_flag": 3, "action_time": "2016-01-27T15:18:05.371Z", "object_repr": "km", "object_id": "4", "change_message": "", "user": 1, "content_type": 13}, "model": "admin.logentry", "pk": 93}, {"fields": {"action_flag": 3, "action_time": "2016-01-27T15:18:05.504Z", "object_repr": "\u0421\u0435\u0440\u0433\u0435\u0439", "object_id": "3", "change_message": "", "user": 1, "content_type": 13}, "model": "admin.logentry", "pk": 94}, {"fields": {"action_flag": 3, "action_time": "2016-01-27T15:18:05.650Z", "object_repr": "sdf", "object_id": "2", "change_message": "", "user": 1, "content_type": 13}, "model": "admin.logentry", "pk": 95}, {"fields": {"action_flag": 3, "action_time": "2016-01-27T15:18:05.783Z", "object_repr": "sdf", "object_id": "1", "change_message": "", "user": 1, "content_type": 13}, "model": "admin.logentry", "pk": 96}, {"fields": {"action_flag": 1, "action_time": "2016-01-28T09:41:38.309Z", "object_repr": "2", "object_id": "37", "change_message": "", "user": 1, "content_type": 13}, "model": "admin.logentry", "pk": 97}, {"fields": {"action_flag": 2, "action_time": "2016-01-28T09:47:54.268Z", "object_repr": "abc", "object_id": "39", "change_message": "No fields changed.", "user": 1, "content_type": 13}, "model": "admin.logentry", "pk": 98}, {"fields": {"action_flag": 2, "action_time": "2016-01-28T09:48:21.122Z", "object_repr": "abc", "object_id": "39", "change_message": "No fields changed.", "user": 1, "content_type": 13}, "model": "admin.logentry", "pk": 99}, {"fields": {"action_flag": 2, "action_time": "2016-01-28T09:48:43.159Z", "object_repr": "abc", "object_id": "39", "change_message": "No fields changed.", "user": 1, "content_type": 13}, "model": "admin.logentry", "pk": 100}, {"fields": {"action_flag": 2, "action_time": "2016-01-28T09:49:08.776Z", "object_repr": "abc", "object_id": "39", "change_message": "No fields changed.", "user": 1, "content_type": 13}, "model": "admin.logentry", "pk": 101}, {"fields": {"action_flag": 2, "action_time": "2016-01-28T09:49:46.213Z", "object_repr": "abc", "object_id": "39", "change_message": "No fields changed.", "user": 1, "content_type": 13}, "model": "admin.logentry", "pk": 102}, {"fields": {"action_flag": 2, "action_time": "2016-01-28T09:50:05.922Z", "object_repr": "abc", "object_id": "39", "change_message": "No fields changed.", "user": 1, "content_type": 13}, "model": "admin.logentry", "pk": 103}, {"fields": {"action_flag": 2, "action_time": "2016-01-28T09:50:18.870Z", "object_repr": "abc", "object_id": "39", "change_message": "No fields changed.", "user": 1, "content_type": 13}, "model": "admin.logentry", "pk": 104}, {"fields": {"action_flag": 3, "action_time": "2016-01-28T12:08:57.646Z", "object_repr": "\u0421\u0435\u0440\u0433\u0435\u0439", "object_id": "47", "change_message": "", "user": 1, "content_type": 13}, "model": "admin.logentry", "pk": 105}, {"fields": {"action_flag": 3, "action_time": "2016-01-28T12:08:57.802Z", "object_repr": "\u0421\u0435\u0440\u0433\u0435\u0439 ", "object_id": "46", "change_message": "", "user": 1, "content_type": 13}, "model": "admin.logentry", "pk": 106}, {"fields": {"action_flag": 3, "action_time": "2016-01-28T12:08:57.936Z", "object_repr": "\u0417\u043e\u044f", "object_id": "45", "change_message": "", "user": 1, "content_type": 13}, "model": "admin.logentry", "pk": 107}, {"fields": {"action_flag": 3, "action_time": "2016-01-28T12:08:58.544Z", "object_repr": "\u0421\u0435\u0440\u0433\u0435\u0439", "object_id": "44", "change_message": "", "user": 1, "content_type": 13}, "model": "admin.logentry", "pk": 108}, {"fields": {"action_flag": 3, "action_time": "2016-01-28T12:08:58.666Z", "object_repr": "Ura", "object_id": "43", "change_message": "", "user": 1, "content_type": 13}, "model": "admin.logentry", "pk": 109}, {"fields": {"action_flag": 3, "action_time": "2016-01-28T12:08:58.810Z", "object_repr": "dfg", "object_id": "42", "change_message": "", "user": 1, "content_type": 13}, "model": "admin.logentry", "pk": 110}, {"fields": {"action_flag": 3, "action_time": "2016-01-28T12:08:58.955Z", "object_repr": "name", "object_id": "41", "change_message": "", "user": 1, "content_type": 13}, "model": "admin.logentry", "pk": 111}, {"fields": {"action_flag": 3, "action_time": "2016-01-28T12:08:59.099Z", "object_repr": "abc", "object_id": "40", "change_message": "", "user": 1, "content_type": 13}, "model": "admin.logentry", "pk": 112}, {"fields": {"action_flag": 3, "action_time": "2016-01-28T12:08:59.232Z", "object_repr": "abc", "object_id": "39", "change_message": "", "user": 1, "content_type": 13}, "model": "admin.logentry", "pk": 113}, {"fields": {"action_flag": 3, "action_time": "2016-01-28T12:08:59.366Z", "object_repr": "abc", "object_id": "38", "change_message": "", "user": 1, "content_type": 13}, "model": "admin.logentry", "pk": 114}, {"fields": {"action_flag": 3, "action_time": "2016-01-28T12:08:59.568Z", "object_repr": "2", "object_id": "37", "change_message": "", "user": 1, "content_type": 13}, "model": "admin.logentry", "pk": 115}, {"fields": {"action_flag": 3, "action_time": "2016-01-28T12:08:59.713Z", "object_repr": "df", "object_id": "36", "change_message": "", "user": 1, "content_type": 13}, "model": "admin.logentry", "pk": 116}, {"fields": {"action_flag": 3, "action_time": "2016-01-28T12:08:59.857Z", "object_repr": "dfh", "object_id": "35", "change_message": "", "user": 1, "content_type": 13}, "model": "admin.logentry", "pk": 117}, {"fields": {"action_flag": 3, "action_time": "2016-01-28T12:09:00.002Z", "object_repr": "\u041d\u0430\u0442\u0430\u0448\u0430", "object_id": "34", "change_message": "", "user": 1, "content_type": 13}, "model": "admin.logentry", "pk": 118}, {"fields": {"action_flag": 3, "action_time": "2016-01-28T12:09:00.135Z", "object_repr": "fdgsdfg", "object_id": "33", "change_message": "", "user": 1, "content_type": 13}, "model": "admin.logentry", "pk": 119}, {"fields": {"action_flag": 1, "action_time": "2016-01-29T08:16:28.036Z", "object_repr": "\u0417\u0412\u0415\u0417\u0414\u041d\u041e\u0415 \u041d\u0415\u0411\u041e", "object_id": "5", "change_message": "", "user": 1, "content_type": 7}, "model": "admin.logentry", "pk": 120}, {"fields": {"action_flag": 2, "action_time": "2016-01-29T08:18:08.410Z", "object_repr": "\u0417\u0412\u0415\u0417\u0414\u041d\u041e\u0415 \u041d\u0415\u0411\u041e", "object_id": "5", "change_message": "Added detalnoe opisanie \"\u042d\u0424\u0424\u0415\u041a\u0422 \"\u0417\u0412\u0415\u0417\u0414\u041d\u041e\u0415 \u041d\u0415\u0411\u041e\"\".", "user": 1, "content_type": 7}, "model": "admin.logentry", "pk": 121}, {"fields": {"action_flag": 2, "action_time": "2016-01-29T08:20:32.336Z", "object_repr": "\u0417\u0412\u0415\u0417\u0414\u041d\u041e\u0415 \u041d\u0415\u0411\u041e", "object_id": "5", "change_message": "Added detalnoe opisanie \"\". Added detalnoe opisanie \"\". Added detalnoe opisanie \"\". Added detalnoe opisanie \"\". Added detalnoe opisanie \"\". Added detalnoe opisanie \"\".", "user": 1, "content_type": 7}, "model": "admin.logentry", "pk": 122}, {"fields": {"action_flag": 1, "action_time": "2016-01-29T08:22:28.280Z", "object_repr": "\u0424\u041e\u0422\u041e\u041f\u0415\u0427\u0410\u0422\u042c", "object_id": "6", "change_message": "", "user": 1, "content_type": 7}, "model": "admin.logentry", "pk": 123}, {"fields": {"action_flag": 1, "action_time": "2016-01-29T08:25:23.627Z", "object_repr": "\u0420\u0415\u041c\u041e\u041d\u0422 \u041f\u041e\u0422\u041e\u041b\u041a\u041e\u0412", "object_id": "7", "change_message": "", "user": 1, "content_type": 7}, "model": "admin.logentry", "pk": 124}, {"fields": {"action_flag": 1, "action_time": "2016-01-29T08:26:31.564Z", "object_repr": "\u0421\u041b\u0418\u0412 \u0412\u041e\u0414\u042b", "object_id": "8", "change_message": "", "user": 1, "content_type": 7}, "model": "admin.logentry", "pk": 125}, {"fields": {"action_flag": 1, "action_time": "2016-01-29T13:34:38.507Z", "object_repr": "PriceTable object", "object_id": "1", "change_message": "", "user": 1, "content_type": 17}, "model": "admin.logentry", "pk": 149}, {"fields": {"action_flag": 1, "action_time": "2016-01-29T13:36:01.281Z", "object_repr": "PriceTable object", "object_id": "2", "change_message": "", "user": 1, "content_type": 17}, "model": "admin.logentry", "pk": 150}, {"fields": {"action_flag": 1, "action_time": "2016-01-29T13:44:42.827Z", "object_repr": "PriceTable object", "object_id": "3", "change_message": "", "user": 1, "content_type": 17}, "model": "admin.logentry", "pk": 151}, {"fields": {"action_flag": 3, "action_time": "2016-01-29T13:57:06.895Z", "object_repr": "PriceTable object", "object_id": "3", "change_message": "", "user": 1, "content_type": 17}, "model": "admin.logentry", "pk": 152}, {"fields": {"action_flag": 1, "action_time": "2016-01-29T13:58:09.993Z", "object_repr": "PriceTable object", "object_id": "4", "change_message": "", "user": 1, "content_type": 17}, "model": "admin.logentry", "pk": 153}, {"fields": {"action_flag": 1, "action_time": "2016-01-29T13:59:08.367Z", "object_repr": "PriceTable object", "object_id": "5", "change_message": "", "user": 1, "content_type": 17}, "model": "admin.logentry", "pk": 154}, {"fields": {"action_flag": 1, "action_time": "2016-01-29T13:59:41.901Z", "object_repr": "PriceTable object", "object_id": "6", "change_message": "", "user": 1, "content_type": 17}, "model": "admin.logentry", "pk": 155}, {"fields": {"action_flag": 1, "action_time": "2016-01-29T14:00:27.786Z", "object_repr": "PriceTable object", "object_id": "7", "change_message": "", "user": 1, "content_type": 17}, "model": "admin.logentry", "pk": 156}, {"fields": {"action_flag": 1, "action_time": "2016-01-29T14:00:55.406Z", "object_repr": "PriceTable object", "object_id": "8", "change_message": "", "user": 1, "content_type": 17}, "model": "admin.logentry", "pk": 157}, {"fields": {"action_flag": 1, "action_time": "2016-01-29T14:03:39.247Z", "object_repr": "PriceTable object", "object_id": "9", "change_message": "", "user": 1, "content_type": 17}, "model": "admin.logentry", "pk": 158}, {"fields": {"action_flag": 2, "action_time": "2016-01-29T14:06:43.840Z", "object_repr": "PriceTable object", "object_id": "9", "change_message": "Changed first_field.", "user": 1, "content_type": 17}, "model": "admin.logentry", "pk": 159}, {"fields": {"action_flag": 2, "action_time": "2016-01-29T14:07:23.223Z", "object_repr": "PriceTable object", "object_id": "9", "change_message": "Changed first_field.", "user": 1, "content_type": 17}, "model": "admin.logentry", "pk": 160}, {"fields": {"action_flag": 3, "action_time": "2016-01-29T14:10:52.240Z", "object_repr": "PriceTable object", "object_id": "9", "change_message": "", "user": 1, "content_type": 17}, "model": "admin.logentry", "pk": 161}, {"fields": {"action_flag": 1, "action_time": "2016-01-29T14:23:50.107Z", "object_repr": "SecondPriceTable object", "object_id": "1", "change_message": "", "user": 1, "content_type": 18}, "model": "admin.logentry", "pk": 162}, {"fields": {"action_flag": 1, "action_time": "2016-01-29T14:24:15.401Z", "object_repr": "SecondPriceTable object", "object_id": "2", "change_message": "", "user": 1, "content_type": 18}, "model": "admin.logentry", "pk": 163}, {"fields": {"action_flag": 1, "action_time": "2016-01-29T14:24:44.982Z", "object_repr": "SecondPriceTable object", "object_id": "3", "change_message": "", "user": 1, "content_type": 18}, "model": "admin.logentry", "pk": 164}, {"fields": {"action_flag": 1, "action_time": "2016-01-29T14:25:03.854Z", "object_repr": "SecondPriceTable object", "object_id": "4", "change_message": "", "user": 1, "content_type": 18}, "model": "admin.logentry", "pk": 165}, {"fields": {"action_flag": 1, "action_time": "2016-01-29T14:25:31.057Z", "object_repr": "SecondPriceTable object", "object_id": "5", "change_message": "", "user": 1, "content_type": 18}, "model": "admin.logentry", "pk": 166}, {"fields": {"action_flag": 1, "action_time": "2016-01-29T14:26:00.393Z", "object_repr": "SecondPriceTable object", "object_id": "6", "change_message": "", "user": 1, "content_type": 18}, "model": "admin.logentry", "pk": 167}, {"fields": {"action_flag": 1, "action_time": "2016-01-29T14:26:22.032Z", "object_repr": "SecondPriceTable object", "object_id": "7", "change_message": "", "user": 1, "content_type": 18}, "model": "admin.logentry", "pk": 168}, {"fields": {"action_flag": 1, "action_time": "2016-01-29T14:26:47.992Z", "object_repr": "SecondPriceTable object", "object_id": "8", "change_message": "", "user": 1, "content_type": 18}, "model": "admin.logentry", "pk": 169}, {"fields": {"action_flag": 1, "action_time": "2016-01-29T15:12:32.078Z", "object_repr": "Calculator object", "object_id": "1", "change_message": "", "user": 1, "content_type": 19}, "model": "admin.logentry", "pk": 170}, {"fields": {"action_flag": 1, "action_time": "2016-01-29T15:27:18.733Z", "object_repr": "", "object_id": "2", "change_message": "", "user": 1, "content_type": 19}, "model": "admin.logentry", "pk": 171}, {"fields": {"action_flag": 3, "action_time": "2016-01-29T15:31:53.710Z", "object_repr": "", "object_id": "2", "change_message": "", "user": 1, "content_type": 19}, "model": "admin.logentry", "pk": 172}, {"fields": {"action_flag": 3, "action_time": "2016-01-29T15:31:53.958Z", "object_repr": "\u041a\u0410\u041b\u042c\u041a\u0423\u041b\u042f\u0422\u041e\u0420", "object_id": "1", "change_message": "", "user": 1, "content_type": 19}, "model": "admin.logentry", "pk": 173}, {"fields": {"action_flag": 1, "action_time": "2016-01-29T15:32:37.536Z", "object_repr": "\u041a\u0410\u041b\u042c\u041a\u0423\u041b\u042f\u0422\u041e\u0420", "object_id": "3", "change_message": "", "user": 1, "content_type": 19}, "model": "admin.logentry", "pk": 174}, {"fields": {"action_flag": 1, "action_time": "2016-01-29T15:33:08.295Z", "object_repr": "", "object_id": "4", "change_message": "", "user": 1, "content_type": 19}, "model": "admin.logentry", "pk": 175}, {"fields": {"action_flag": 1, "action_time": "2016-01-29T15:33:23.827Z", "object_repr": "", "object_id": "5", "change_message": "", "user": 1, "content_type": 19}, "model": "admin.logentry", "pk": 176}, {"fields": {"action_flag": 1, "action_time": "2016-01-29T15:33:51.650Z", "object_repr": "", "object_id": "6", "change_message": "", "user": 1, "content_type": 19}, "model": "admin.logentry", "pk": 177}, {"fields": {"action_flag": 2, "action_time": "2016-01-30T15:30:24.254Z", "object_repr": "", "object_id": "6", "change_message": "Changed phone.", "user": 1, "content_type": 19}, "model": "admin.logentry", "pk": 178}, {"fields": {"action_flag": 2, "action_time": "2016-01-30T15:30:31.382Z", "object_repr": "\u041a\u0410\u041b\u042c\u041a\u0423\u041b\u042f\u0422\u041e\u0420", "object_id": "3", "change_message": "Changed phone.", "user": 1, "content_type": 19}, "model": "admin.logentry", "pk": 179}, {"fields": {"action_flag": 2, "action_time": "2016-02-01T17:04:10.122Z", "object_repr": "\u0427\u0410\u0421\u0422\u041e \u0417\u0410\u0414\u0410\u0412\u0410\u0415\u041c\u042b\u0415 \u0412\u041e\u041f\u0420\u041e\u0421\u042b", "object_id": "1", "change_message": "Changed description for detalnoe opisanie \"\u0427\u0410\u0421\u0422\u041e \u0417\u0410\u0414\u0410\u0412\u0410\u0415\u041c\u042b\u0415 \u0412\u041e\u041f\u0420\u041e\u0421\u042b \u041e \u041d\u0410\u0422\u042f\u0416\u041d\u042b\u0425 \u041f\u041e\u0422\u041e\u041b\u041a\u0410\u0425\".", "user": 1, "content_type": 7}, "model": "admin.logentry", "pk": 180}, {"fields": {"action_flag": 2, "action_time": "2016-02-01T17:07:54.528Z", "object_repr": "\u0427\u0410\u0421\u0422\u041e \u0417\u0410\u0414\u0410\u0412\u0410\u0415\u041c\u042b\u0415 \u0412\u041e\u041f\u0420\u041e\u0421\u042b", "object_id": "1", "change_message": "Changed description for detalnoe opisanie \"\u0427\u0410\u0421\u0422\u041e \u0417\u0410\u0414\u0410\u0412\u0410\u0415\u041c\u042b\u0415 \u0412\u041e\u041f\u0420\u041e\u0421\u042b \u041e \u041d\u0410\u0422\u042f\u0416\u041d\u042b\u0425 \u041f\u041e\u0422\u041e\u041b\u041a\u0410\u0425\".", "user": 1, "content_type": 7}, "model": "admin.logentry", "pk": 181}, {"fields": {"action_flag": 2, "action_time": "2016-02-01T17:09:26.747Z", "object_repr": "\u0427\u0410\u0421\u0422\u041e \u0417\u0410\u0414\u0410\u0412\u0410\u0415\u041c\u042b\u0415 \u0412\u041e\u041f\u0420\u041e\u0421\u042b", "object_id": "1", "change_message": "Changed description for detalnoe opisanie \"\u0427\u0410\u0421\u0422\u041e \u0417\u0410\u0414\u0410\u0412\u0410\u0415\u041c\u042b\u0415 \u0412\u041e\u041f\u0420\u041e\u0421\u042b \u041e \u041d\u0410\u0422\u042f\u0416\u041d\u042b\u0425 \u041f\u041e\u0422\u041e\u041b\u041a\u0410\u0425\".", "user": 1, "content_type": 7}, "model": "admin.logentry", "pk": 182}, {"fields": {"action_flag": 2, "action_time": "2016-02-01T17:11:03.336Z", "object_repr": "\u0427\u0410\u0421\u0422\u041e \u0417\u0410\u0414\u0410\u0412\u0410\u0415\u041c\u042b\u0415 \u0412\u041e\u041f\u0420\u041e\u0421\u042b", "object_id": "1", "change_message": "No fields changed.", "user": 1, "content_type": 7}, "model": "admin.logentry", "pk": 183}, {"fields": {"action_flag": 2, "action_time": "2016-02-01T17:16:23.537Z", "object_repr": "\u0427\u0410\u0421\u0422\u041e \u0417\u0410\u0414\u0410\u0412\u0410\u0415\u041c\u042b\u0415 \u0412\u041e\u041f\u0420\u041e\u0421\u042b", "object_id": "1", "change_message": "Changed short_description for detalnoe opisanie \"\u0427\u0410\u0421\u0422\u041e \u0417\u0410\u0414\u0410\u0412\u0410\u0415\u041c\u042b\u0415 \u0412\u041e\u041f\u0420\u041e\u0421\u042b \u041e \u041d\u0410\u0422\u042f\u0416\u041d\u042b\u0425 \u041f\u041e\u0422\u041e\u041b\u041a\u0410\u0425\".", "user": 1, "content_type": 7}, "model": "admin.logentry", "pk": 184}, {"fields": {"action_flag": 2, "action_time": "2016-02-01T17:16:51.281Z", "object_repr": "\u0427\u0410\u0421\u0422\u041e \u0417\u0410\u0414\u0410\u0412\u0410\u0415\u041c\u042b\u0415 \u0412\u041e\u041f\u0420\u041e\u0421\u042b", "object_id": "1", "change_message": "Changed short_description for detalnoe opisanie \"\u0427\u0410\u0421\u0422\u041e \u0417\u0410\u0414\u0410\u0412\u0410\u0415\u041c\u042b\u0415 \u0412\u041e\u041f\u0420\u041e\u0421\u042b \u041e \u041d\u0410\u0422\u042f\u0416\u041d\u042b\u0425 \u041f\u041e\u0422\u041e\u041b\u041a\u0410\u0425\".", "user": 1, "content_type": 7}, "model": "admin.logentry", "pk": 185}, {"fields": {"action_flag": 3, "action_time": "2016-02-01T22:44:03.524Z", "object_repr": "\u0430\u043f", "object_id": "55", "change_message": "", "user": 1, "content_type": 13}, "model": "admin.logentry", "pk": 186}, {"fields": {"action_flag": 3, "action_time": "2016-02-01T22:44:03.634Z", "object_repr": "\u0430\u0432\u043a\u043f\u0430", "object_id": "54", "change_message": "", "user": 1, "content_type": 13}, "model": "admin.logentry", "pk": 187}, {"fields": {"action_flag": 3, "action_time": "2016-02-01T22:44:03.745Z", "object_repr": "\u0430\u0432\u043f\u044b", "object_id": "53", "change_message": "", "user": 1, "content_type": 13}, "model": "admin.logentry", "pk": 188}, {"fields": {"action_flag": 3, "action_time": "2016-02-01T22:44:03.856Z", "object_repr": "\u0421\u0435\u0440\u0433\u0435\u0439", "object_id": "52", "change_message": "", "user": 1, "content_type": 13}, "model": "admin.logentry", "pk": 189}, {"fields": {"action_flag": 3, "action_time": "2016-02-01T22:44:03.967Z", "object_repr": "sdfghdfghd", "object_id": "51", "change_message": "", "user": 1, "content_type": 13}, "model": "admin.logentry", "pk": 190}, {"fields": {"action_flag": 3, "action_time": "2016-02-01T22:44:04.078Z", "object_repr": "\u0421\u0435\u0440\u0433\u0435\u0439", "object_id": "50", "change_message": "", "user": 1, "content_type": 13}, "model": "admin.logentry", "pk": 191}, {"fields": {"action_flag": 3, "action_time": "2016-02-01T22:44:04.223Z", "object_repr": "sdf", "object_id": "49", "change_message": "", "user": 1, "content_type": 13}, "model": "admin.logentry", "pk": 192}, {"fields": {"action_flag": 3, "action_time": "2016-02-01T22:44:04.390Z", "object_repr": "Sergey", "object_id": "48", "change_message": "", "user": 1, "content_type": 13}, "model": "admin.logentry", "pk": 193}]